FECHA,CIUDAD,VENDEDOR,ALMACEN,ARTICULO,EMPAQUE (GR),CANTIDAD,PRECIO,DESCUENTO,TOTAL,TOTAL + IVA
10-May-13,ARMENIA,CATALINA,ÉXITO,LENTEJA,250,10,2500,3.5%,,
8-May-13,BARRANQUILLA,MAURICIO,ÉXITO,FRIJOL,250,10,2500,3.0%,,
6-May-13,BOGOTA,CATALINA,ÉXITO,MAIZ,250,10,2500,1.5%,,
4-May-13,BARRANQUILLA,MAURICIO,ÉXITO,LENTEJA,500,10,5000,3.5%,,
16-May-13,BOGOTA,MAURICIO,ÉXITO,LENTEJA,5000,10,5000,3.5%,,
2-May-13,BOGOTA,CATALINA,ÉXITO,FRIJOL,500,10,5000,3.0%,,
20-May-13,ARMENIA,MAURICIO,ÉXITO,FRIJOL,5000,10,5000,3.0%,,
21-May-13,ARMENIA,JORGE,ÉXITO,AZUCAR,250,20,2500,2.5%,,
19-May-13,BARRANQUILLA,ALEXANDRA,ÉXITO,ARROZ,250,20,2500,2.0%,,
13-May-13,BOGOTA,JORGE,SUPERLEY,ARROZ,5000,10,5000,2.0%,,
6-May-13,ARMENIA,CATALINA,ÉXITO,MAIZ,500,10,5000,1.5%,,
18-May-13,BARRANQUILLA,CATALINA,ÉXITO,MAIZ,5000,10,5000,1.5%,,
22-May-13,BARRANQUILLA,CATALINA,CANDELARIA,LENTEJA,250,30,2500,3.5%,,
20-May-13,BOGOTA,MAURICIO,CANDELARIA,FRIJOL,250,30,2500,3.0%,,
24-May-13,ARMENIA,MAURICIO,CANDELARIA,MAIZ,250,30,2500,1.5%,,
11-May-13,ARMENIA,ALEXANDRA,CANDELARIA,CAFÉ,250,40,2500,4.0%,,
5-May-13,BARRANQUILLA,JORGE,ÉXITO,CAFÉ,5000,20,5000,4.0%,,
17-May-13,ARMENIA,JORGE,ÉXITO,CAFÉ,500,20,5000,4.0%,,
2-May-13,ARMENIA,CATALINA,ÉXITO,FRIJOL,1000,10,10000,3.0%,,
9-May-13,BARRANQUILLA,JORGE,CANDELARIA,AZUCAR,250,40,2500,2.5%,,
15-May-13,BOGOTA,ALEXANDRA,ÉXITO,AZUCAR,500,20,5000,2.5%,,
7-May-13,ARMENIA,ALEXANDRA,ÉXITO,ARROZ,5000,20,5000,2.0%,,
24-May-13,BARRANQUILLA,MAURICIO,ÉXITO,MAIZ,1000,10,10000,1.5%,,
17-May-13,BOGOTA,JORGE,ÉXITO,CAFÉ,250,50,2500,4.0%,,
5-May-13,BARRANQUILLA,JORGE,SUPERLEY,CAFÉ,250,50,2500,4.0%,,
3-May-13,BOGOTA,ALEXANDRA,SUPERLEY,AZUCAR,250,50,2500,2.5%,,
7-May-13,ARMENIA,ALEXANDRA,SUPERLEY,ARROZ,250,50,2500,2.0%,,
10-May-13,ARMENIA,CATALINA,CANDELARIA,LENTEJA,5000,30,5000,3.5%,,
22-May-13,BARRANQUILLA,CATALINA,ÉXITO,LENTEJA,1500,10,15000,3.5%,,
10-May-13,BOGOTA,CATALINA,OPTIMO,LENTEJA,250,60,2500,3.5%,,
8-May-13,BARRANQUILLA,MAURICIO,CANDELARIA,FRIJOL,5000,30,5000,3.0%,,
20-May-13,ARMENIA,MAURICIO,CANDELARIA,FRIJOL,500,30,5000,3.0%,,
20-May-13,BOGOTA,MAURICIO,ÉXITO,FRIJOL,1500,10,15000,3.0%,,
14-May-13,ARMENIA,CATALINA,OPTIMO,FRIJOL,250,60,2500,3.0%,,
6-May-13,BOGOTA,CATALINA,CANDELARIA,MAIZ,5000,30,5000,1.5%,,
18-May-13,BARRANQUILLA,CATALINA,CANDELARIA,MAIZ,500,30,5000,1.5%,,
12-May-13,BARRANQUILLA,MAURICIO,OPTIMO,MAIZ,250,60,2500,1.5%,,
5-May-13,BOGOTA,JORGE,CANDELARIA,CAFÉ,500,40,5000,4.0%,,
11-May-13,BOGOTA,ALEXANDRA,ÉXITO,CAFÉ,1000,20,10000,4.0%,,
16-May-13,BOGOTA,MAURICIO,CANDELARIA,LENTEJA,500,40,5000,3.5%,,
10-May-13,BARRANQUILLA,CATALINA,ÉXITO,LENTEJA,2000,10,20000,3.5%,,
4-May-13,ARMENIA,MAURICIO,POMONA,LENTEJA,250,80,2500,3.5%,,
2-May-13,BARRANQUILLA,CATALINA,POMONA,FRIJOL,250,80,2500,3.0%,,
9-May-13,ARMENIA,JORGE,CANDELARIA,AZUCAR,500,40,5000,2.5%,,
21-May-13,BARRANQUILLA,JORGE,CANDELARIA,AZUCAR,5000,40,5000,2.5%,,
15-May-13,ARMENIA,ALEXANDRA,ÉXITO,AZUCAR,1000,20,10000,2.5%,,
7-May-13,BARRANQUILLA,ALEXANDRA,CANDELARIA,ARROZ,500,40,5000,2.0%,,
19-May-13,BOGOTA,ALEXANDRA,CANDELARIA,ARROZ,5000,40,5000,2.0%,,
13-May-13,BARRANQUILLA,JORGE,ÉXITO,ARROZ,1000,20,10000,2.0%,,
12-May-13,ARMENIA,MAURICIO,ÉXITO,MAIZ,2000,10,20000,1.5%,,
23-May-13,BOGOTA,ALEXANDRA,OPTIMO,CAFÉ,250,100,2500,4.0%,,
17-May-13,ARMENIA,JORGE,SUPERLEY,CAFÉ,5000,50,5000,4.0%,,
3-May-13,ARMENIA,ALEXANDRA,OPTIMO,AZUCAR,250,100,2500,2.5%,,
3-May-13,ARMENIA,ALEXANDRA,SUPERLEY,AZUCAR,500,50,5000,2.5%,,
15-May-13,BARRANQUILLA,ALEXANDRA,SUPERLEY,AZUCAR,5000,50,5000,2.5%,,
1-May-13,BARRANQUILLA,JORGE,OPTIMO,ARROZ,250,100,2500,2.0%,,
1-May-13,BARRANQUILLA,JORGE,SUPERLEY,ARROZ,500,50,5000,2.0%,,
11-May-13,ARMENIA,ALEXANDRA,ÉXITO,CAFÉ,1500,20,15000,4.0%,,
16-May-13,ARMENIA,MAURICIO,CANDELARIA,LENTEJA,1000,30,10000,3.5%,,
16-May-13,ARMENIA,MAURICIO,ÉXITO,LENTEJA,3000,10,30000,3.5%,,
10-May-13,ARMENIA,CATALINA,OPTIMO,LENTEJA,500,60,5000,3.5%,,
22-May-13,BARRANQUILLA,CATALINA,OPTIMO,LENTEJA,5000,60,5000,3.5%,,
14-May-13,BOGOTA,CATALINA,CANDELARIA,FRIJOL,1000,30,10000,3.0%,,
14-May-13,BARRANQUILLA,CATALINA,ÉXITO,FRIJOL,3000,10,30000,3.0%,,
8-May-13,BARRANQUILLA,MAURICIO,OPTIMO,FRIJOL,500,60,5000,3.0%,,
14-May-13,BOGOTA,CATALINA,POMONA,FRIJOL,1500,20,15000,3.0%,,
9-May-13,BARRANQUILLA,JORGE,ÉXITO,AZUCAR,1500,20,15000,2.5%,,
15-May-13,BOGOTA,ALEXANDRA,OPTIMO,AZUCAR,1000,30,10000,2.5%,,
7-May-13,BOGOTA,ALEXANDRA,ÉXITO,ARROZ,1500,20,15000,2.0%,,
12-May-13,BOGOTA,MAURICIO,ÉXITO,MAIZ,3000,10,30000,1.5%,,
24-May-13,ARMENIA,MAURICIO,OPTIMO,MAIZ,5000,60,5000,1.5%,,
24-May-13,BOGOTA,MAURICIO,POMONA,MAIZ,250,120,2500,1.5%,,
17-May-13,CARTAGENA,JORGE,OPTIMO,CAFÉ,250,130,2500,4.0%,,
16-May-13,BOGOTA,MAURICIO,SUPERLEY,LENTEJA,250,150,2500,3.5%,,
18-May-13,ARMENIA,CATALINA,SUPERLEY,MAIZ,250,150,2500,1.5%,,
5-May-13,ARMENIA,JORGE,CANDELARIA,CAFÉ,1000,40,10000,4.0%,,
23-May-13,BARRANQUILLA,ALEXANDRA,ÉXITO,CAFÉ,2000,20,20000,4.0%,,
22-May-13,BOGOTA,CATALINA,POMONA,LENTEJA,500,80,5000,3.5%,,
20-May-13,BOGOTA,MAURICIO,OPTIMO,FRIJOL,5000,80,5000,3.0%,,
2-May-13,ARMENIA,CATALINA,POMONA,FRIJOL,500,80,5000,3.0%,,
14-May-13,ARMENIA,CATALINA,POMONA,FRIJOL,5000,80,5000,3.0%,,
3-May-13,BARRANQUILLA,ALEXANDRA,CANDELARIA,AZUCAR,1000,40,10000,2.5%,,
21-May-13,BOGOTA,JORGE,ÉXITO,AZUCAR,2000,20,20000,2.5%,,
1-May-13,BOGOTA,JORGE,CANDELARIA,ARROZ,1000,40,10000,2.0%,,
1-May-13,ARMENIA,JORGE,ÉXITO,ARROZ,2000,20,20000,2.0%,,
12-May-13,BARRANQUILLA,MAURICIO,POMONA,MAIZ,5000,80,5000,1.5%,,
24-May-13,BARRANQUILLA,MAURICIO,POMONA,MAIZ,500,80,5000,1.5%,,
24-May-13,CARTAGENA,MAURICIO,ÉXITO,MAIZ,250,165,2500,1.5%,,
10-May-13,BOGOTA,CATALINA,CANDELARIA,LENTEJA,1500,30,15000,3.5%,,
14-May-13,ARMENIA,CATALINA,CANDELARIA,FRIJOL,1500,30,15000,3.0%,,
12-May-13,BARRANQUILLA,MAURICIO,CANDELARIA,MAIZ,1500,30,15000,1.5%,,
7-May-13,BOGOTA,ALEXANDRA,CANDELARIA,ARROZ,250,190,2500,2.0%,,
11-May-13,BARRANQUILLA,ALEXANDRA,OPTIMO,CAFÉ,5000,100,5000,4.0%,,
23-May-13,ARMENIA,ALEXANDRA,OPTIMO,CAFÉ,500,100,5000,4.0%,,
17-May-13,ARMENIA,JORGE,POMONA,CAFÉ,250,200,2500,4.0%,,
23-May-13,BARRANQUILLA,ALEXANDRA,SUPERLEY,CAFÉ,1000,50,10000,4.0%,,
9-May-13,BOGOTA,JORGE,OPTIMO,AZUCAR,5000,100,5000,2.5%,,
21-May-13,BARRANQUILLA,JORGE,OPTIMO,AZUCAR,500,100,5000,2.5%,,
15-May-13,BARRANQUILLA,ALEXANDRA,POMONA,AZUCAR,250,200,2500,2.5%,,
21-May-13,BOGOTA,JORGE,SUPERLEY,AZUCAR,1000,50,10000,2.5%,,
13-May-13,ARMENIA,JORGE,OPTIMO,ARROZ,5000,100,5000,2.0%,,
19-May-13,BOGOTA,ALEXANDRA,OPTIMO,ARROZ,500,100,5000,2.0%,,
7-May-13,CARTAGENA,ALEXANDRA,POMONA,ARROZ,250,200,2500,2.0%,,
13-May-13,BOGOTA,JORGE,POMONA,ARROZ,250,200,2500,2.0%,,
1-May-13,ARMENIA,JORGE,SUPERLEY,ARROZ,1000,50,10000,2.0%,,
23-May-13,BOGOTA,ALEXANDRA,SUPERLEY,CAFÉ,500,110,5000,4.0%,,
13-May-13,CARTAGENA,JORGE,CANDELARIA,ARROZ,5000,110,5000,2.0%,,
14-May-13,CARTAGENA,CATALINA,CANDELARIA,FRIJOL,250,235,2500,3.0%,,
23-May-13,BARRANQUILLA,ALEXANDRA,CANDELARIA,CAFÉ,1500,40,15000,4.0%,,
5-May-13,ARMENIA,JORGE,ÉXITO,CAFÉ,3000,20,30000,4.0%,,
4-May-13,ARMENIA,MAURICIO,CANDELARIA,LENTEJA,2000,30,20000,3.5%,,
4-May-13,BOGOTA,MAURICIO,OPTIMO,LENTEJA,1000,60,10000,3.5%,,
2-May-13,BARRANQUILLA,CATALINA,CANDELARIA,FRIJOL,2000,30,20000,3.0%,,
8-May-13,ARMENIA,MAURICIO,OPTIMO,FRIJOL,1000,60,10000,3.0%,,
3-May-13,BARRANQUILLA,ALEXANDRA,ÉXITO,AZUCAR,3000,20,30000,2.5%,,
1-May-13,ARMENIA,JORGE,CANDELARIA,ARROZ,1500,40,15000,2.0%,,
1-May-13,BOGOTA,JORGE,ÉXITO,ARROZ,3000,20,30000,2.0%,,
24-May-13,BOGOTA,MAURICIO,CANDELARIA,MAIZ,2000,30,20000,1.5%,,
6-May-13,BARRANQUILLA,CATALINA,OPTIMO,MAIZ,1000,60,10000,1.5%,,
16-May-13,CARTAGENA,MAURICIO,POMONA,LENTEJA,500,125,5000,3.5%,,
14-May-13,BUCARAMANGA,CATALINA,SUPERLEY,FRIJOL,250,260,2500,3.0%,,
21-May-13,CARTAGENA,JORGE,SUPERLEY,AZUCAR,250,270,2500,2.5%,,
20-May-13,CARTAGENA,MAURICIO,SUPERLEY,FRIJOL,5000,145,5000,3.0%,,
17-May-13,BOGOTA,JORGE,SUPERLEY,CAFÉ,1500,50,15000,4.0%,,
4-May-13,BARRANQUILLA,MAURICIO,SUPERLEY,LENTEJA,5000,150,5000,3.5%,,
16-May-13,ARMENIA,MAURICIO,SUPERLEY,LENTEJA,500,150,5000,3.5%,,
2-May-13,BOGOTA,CATALINA,SUPERLEY,FRIJOL,5000,150,5000,3.0%,,
14-May-13,BARRANQUILLA,CATALINA,SUPERLEY,FRIJOL,500,150,5000,3.0%,,
3-May-13,BOGOTA,ALEXANDRA,ÉXITO,AZUCAR,5000,150,5000,2.5%,,
21-May-13,ARMENIA,JORGE,SUPERLEY,AZUCAR,1500,50,15000,2.5%,,
19-May-13,BARRANQUILLA,ALEXANDRA,SUPERLEY,ARROZ,1500,50,15000,2.0%,,
4-May-13,CARTAGENA,MAURICIO,OPTIMO,LENTEJA,250,305,2500,3.5%,,
6-May-13,ARMENIA,CATALINA,SUPERLEY,MAIZ,5000,150,5000,1.5%,,
12-May-13,BOGOTA,MAURICIO,SUPERLEY,MAIZ,500,150,5000,1.5%,,
11-May-13,BOGOTA,ALEXANDRA,CANDELARIA,CAFÉ,2000,40,20000,4.0%,,
23-May-13,CARTAGENA,ALEXANDRA,CANDELARIA,CAFÉ,500,160,5000,4.0%,,
22-May-13,ARMENIA,CATALINA,POMONA,LENTEJA,1000,80,10000,3.5%,,
20-May-13,BARRANQUILLA,MAURICIO,POMONA,FRIJOL,1000,80,10000,3.0%,,
15-May-13,ARMENIA,ALEXANDRA,CANDELARIA,AZUCAR,2000,40,20000,2.5%,,
13-May-13,BARRANQUILLA,JORGE,CANDELARIA,ARROZ,2000,40,20000,2.0%,,
18-May-13,BOGOTA,CATALINA,POMONA,MAIZ,1000,80,10000,1.5%,,
21-May-13,BUCARAMANGA,JORGE,OPTIMO,AZUCAR,250,330,2500,2.5%,,
11-May-13,CARTAGENA,ALEXANDRA,ÉXITO,CAFÉ,250,340,2500,4.0%,,
4-May-13,BARRANQUILLA,MAURICIO,CANDELARIA,LENTEJA,3000,30,30000,3.5%,,
4-May-13,ARMENIA,MAURICIO,OPTIMO,LENTEJA,1500,60,15000,3.5%,,
2-May-13,BARRANQUILLA,CATALINA,OPTIMO,FRIJOL,1500,60,15000,3.0%,,
3-May-13,CARTAGENA,ALEXANDRA,OPTIMO,AZUCAR,5000,180,5000,2.5%,,
6-May-13,ARMENIA,CATALINA,CANDELARIA,MAIZ,3000,30,30000,1.5%,,
6-May-13,BOGOTA,CATALINA,OPTIMO,MAIZ,500,180,5000,1.5%,,
24-May-13,BOGOTA,MAURICIO,OPTIMO,MAIZ,1500,60,15000,1.5%,,
18-May-13,CUCUTA,CATALINA,POMONA,MAIZ,250,375,2500,1.5%,,
17-May-13,BARRANQUILLA,JORGE,OPTIMO,CAFÉ,1000,100,10000,4.0%,,
11-May-13,BARRANQUILLA,ALEXANDRA,POMONA,CAFÉ,500,200,5000,4.0%,,
23-May-13,BOGOTA,ALEXANDRA,POMONA,CAFÉ,5000,200,5000,4.0%,,
11-May-13,ARMENIA,ALEXANDRA,SUPERLEY,CAFÉ,2000,50,20000,4.0%,,
6-May-13,CARTAGENA,CATALINA,SUPERLEY,MAIZ,500,195,5000,1.5%,,
4-May-13,BUCARAMANGA,MAURICIO,ÉXITO,LENTEJA,250,400,2500,3.5%,,
22-May-13,BOGOTA,CATALINA,ÉXITO,LENTEJA,1000,100,10000,3.5%,,
3-May-13,ARMENIA,ALEXANDRA,POMONA,AZUCAR,5000,200,5000,2.5%,,
9-May-13,BOGOTA,JORGE,POMONA,AZUCAR,500,200,5000,2.5%,,
9-May-13,BARRANQUILLA,JORGE,SUPERLEY,AZUCAR,2000,50,20000,2.5%,,
19-May-13,ARMENIA,ALEXANDRA,OPTIMO,ARROZ,1000,100,10000,2.0%,,
1-May-13,BARRANQUILLA,JORGE,POMONA,ARROZ,5000,200,5000,2.0%,,
13-May-13,ARMENIA,JORGE,POMONA,ARROZ,500,200,5000,2.0%,,
7-May-13,BOGOTA,ALEXANDRA,SUPERLEY,ARROZ,2000,50,20000,2.0%,,
1-May-13,CUCUTA,JORGE,CANDELARIA,ARROZ,250,410,2500,2.0%,,
10-May-13,CARTAGENA,CATALINA,ÉXITO,LENTEJA,5000,215,5000,3.5%,,
10-May-13,BUCARAMANGA,CATALINA,POMONA,LENTEJA,5000,220,5000,3.5%,,
8-May-13,CUCUTA,MAURICIO,SUPERLEY,FRIJOL,250,445,2500,3.0%,,
13-May-13,CARTAGENA,JORGE,OPTIMO,ARROZ,500,230,5000,2.0%,,
11-May-13,BUCARAMANGA,ALEXANDRA,POMONA,CAFÉ,250,470,2500,4.0%,,
17-May-13,BARRANQUILLA,JORGE,CANDELARIA,CAFÉ,3000,40,30000,4.0%,,
16-May-13,BARRANQUILLA,MAURICIO,OPTIMO,LENTEJA,2000,60,20000,3.5%,,
16-May-13,BARRANQUILLA,MAURICIO,POMONA,LENTEJA,1500,80,15000,3.5%,,
14-May-13,BOGOTA,CATALINA,OPTIMO,FRIJOL,2000,60,20000,3.0%,,
15-May-13,BOGOTA,ALEXANDRA,CANDELARIA,AZUCAR,3000,40,30000,2.5%,,
15-May-13,CUCUTA,ALEXANDRA,OPTIMO,AZUCAR,250,480,2500,2.5%,,
15-May-13,CARTAGENA,ALEXANDRA,SUPERLEY,AZUCAR,1000,120,10000,2.5%,,
19-May-13,ARMENIA,ALEXANDRA,CANDELARIA,ARROZ,3000,40,30000,2.0%,,
18-May-13,ARMENIA,CATALINA,OPTIMO,MAIZ,2000,60,20000,1.5%,,
18-May-13,ARMENIA,CATALINA,POMONA,MAIZ,1500,80,15000,1.5%,,
18-May-13,BOGOTA,CATALINA,SUPERLEY,MAIZ,2000,60,20000,1.5%,,
17-May-13,CARTAGENA,JORGE,POMONA,CAFÉ,5000,250,5000,4.0%,,
13-May-13,BUCARAMANGA,JORGE,ÉXITO,ARROZ,500,250,5000,2.0%,,
22-May-13,CUCUTA,CATALINA,ÉXITO,LENTEJA,250,515,2500,3.5%,,
20-May-13,CARTAGENA,MAURICIO,ÉXITO,FRIJOL,500,265,5000,3.0%,,
21-May-13,BOGOTA,JORGE,CANDELARIA,AZUCAR,1500,90,15000,2.5%,,
5-May-13,CUCUTA,JORGE,POMONA,CAFÉ,250,550,2500,4.0%,,
18-May-13,BUCARAMANGA,CATALINA,CANDELARIA,MAIZ,250,540,2500,1.5%,,
17-May-13,BUCARAMANGA,JORGE,CANDELARIA,CAFÉ,5000,290,5000,4.0%,,
24-May-13,CARTAGENA,MAURICIO,CANDELARIA,MAIZ,5000,285,5000,1.5%,,
11-May-13,BARRANQUILLA,ALEXANDRA,SUPERLEY,CAFÉ,3000,50,30000,4.0%,,
12-May-13,CUCUTA,MAURICIO,CANDELARIA,MAIZ,250,585,2500,1.5%,,
10-May-13,BARRANQUILLA,CATALINA,SUPERLEY,LENTEJA,1000,150,10000,3.5%,,
8-May-13,BOGOTA,MAURICIO,SUPERLEY,FRIJOL,1000,150,10000,3.0%,,
15-May-13,ARMENIA,ALEXANDRA,OPTIMO,AZUCAR,1500,100,15000,2.5%,,
3-May-13,CARTAGENA,ALEXANDRA,POMONA,AZUCAR,500,300,5000,2.5%,,
13-May-13,BARRANQUILLA,JORGE,OPTIMO,ARROZ,1500,100,15000,2.0%,,
13-May-13,ARMENIA,JORGE,SUPERLEY,ARROZ,3000,50,30000,2.0%,,
12-May-13,ARMENIA,MAURICIO,SUPERLEY,MAIZ,1000,150,10000,1.5%,,
1-May-13,BUCARAMANGA,JORGE,SUPERLEY,ARROZ,250,610,2500,2.0%,,
22-May-13,CARTAGENA,CATALINA,OPTIMO,LENTEJA,1000,155,10000,3.5%,,
19-May-13,CUCUTA,ALEXANDRA,SUPERLEY,ARROZ,250,620,2500,2.0%,,
4-May-13,BOGOTA,MAURICIO,POMONA,LENTEJA,2000,80,20000,3.5%,,
8-May-13,ARMENIA,MAURICIO,POMONA,FRIJOL,2000,80,20000,3.0%,,
20-May-13,BUCARAMANGA,MAURICIO,POMONA,FRIJOL,500,320,5000,3.0%,,
7-May-13,CARTAGENA,ALEXANDRA,SUPERLEY,ARROZ,5000,320,5000,2.0%,,
6-May-13,BARRANQUILLA,CATALINA,POMONA,MAIZ,2000,80,20000,1.5%,,
2-May-13,CUCUTA,CATALINA,OPTIMO,FRIJOL,250,655,2500,3.0%,,
10-May-13,CARTAGENA,CATALINA,CANDELARIA,LENTEJA,500,335,5000,3.5%,,
5-May-13,BOGOTA,JORGE,POMONA,CAFÉ,1000,170,10000,4.0%,,
8-May-13,BUCARAMANGA,MAURICIO,OPTIMO,FRIJOL,250,680,2500,3.0%,,
14-May-13,CARTAGENA,CATALINA,ÉXITO,FRIJOL,1500,115,15000,3.0%,,
9-May-13,CUCUTA,JORGE,ÉXITO,AZUCAR,250,690,2500,2.5%,,
14-May-13,CARTAGENA,CATALINA,OPTIMO,FRIJOL,5000,355,5000,3.0%,,
20-May-13,BARRANQUILLA,MAURICIO,OPTIMO,FRIJOL,3000,60,30000,3.0%,,
16-May-13,IBAGUE,MAURICIO,POMONA,LENTEJA,250,725,2500,3.5%,,
18-May-13,BOGOTA,CATALINA,OPTIMO,MAIZ,3000,60,30000,1.5%,,
24-May-13,BUCARAMANGA,MAURICIO,SUPERLEY,MAIZ,5000,360,5000,1.5%,,
17-May-13,CARTAGENA,JORGE,SUPERLEY,CAFÉ,500,370,5000,4.0%,,
23-May-13,IBAGUE,ALEXANDRA,CANDELARIA,CAFÉ,250,760,2500,4.0%,,
5-May-13,CARTAGENA,JORGE,ÉXITO,CAFÉ,1000,190,10000,4.0%,,
15-May-13,BUCARAMANGA,ALEXANDRA,ÉXITO,AZUCAR,250,750,2500,2.5%,,
3-May-13,BUCARAMANGA,ALEXANDRA,CANDELARIA,AZUCAR,500,390,5000,2.5%,,
21-May-13,CUCUTA,JORGE,ÉXITO,AZUCAR,5000,390,5000,2.5%,,
5-May-13,ARMENIA,JORGE,OPTIMO,CAFÉ,2000,100,20000,4.0%,,
11-May-13,CARTAGENA,ALEXANDRA,POMONA,CAFÉ,2000,100,20000,4.0%,,
3-May-13,BARRANQUILLA,ALEXANDRA,OPTIMO,AZUCAR,2000,100,20000,2.5%,,
9-May-13,ARMENIA,JORGE,POMONA,AZUCAR,1000,200,10000,2.5%,,
6-May-13,IBAGUE,CATALINA,SUPERLEY,MAIZ,250,795,2500,1.5%,,
7-May-13,BARRANQUILLA,ALEXANDRA,POMONA,ARROZ,1000,200,10000,2.0%,,
22-May-13,BUCARAMANGA,CATALINA,POMONA,LENTEJA,250,820,2500,3.5%,,
24-May-13,CUCUTA,MAURICIO,OPTIMO,MAIZ,500,405,5000,1.5%,,
13-May-13,IBAGUE,JORGE,OPTIMO,ARROZ,250,830,2500,2.0%,,
4-May-13,CUCUTA,MAURICIO,POMONA,LENTEJA,5000,425,5000,3.5%,,
19-May-13,BOGOTA,ALEXANDRA,POMONA,ARROZ,3000,70,30000,2.0%,,
20-May-13,IBAGUE,MAURICIO,ÉXITO,FRIJOL,250,865,2500,3.0%,,
7-May-13,BUCARAMANGA,ALEXANDRA,OPTIMO,ARROZ,5000,430,5000,2.0%,,
5-May-13,CALI,JORGE,CANDELARIA,CAFÉ,250,890,2500,4.0%,,
7-May-13,CUCUTA,ALEXANDRA,ÉXITO,ARROZ,500,440,5000,2.0%,,
8-May-13,ARMENIA,MAURICIO,SUPERLEY,FRIJOL,1500,150,15000,3.0%,,
3-May-13,IBAGUE,ALEXANDRA,POMONA,AZUCAR,250,900,2500,2.5%,,
21-May-13,CARTAGENA,JORGE,POMONA,AZUCAR,1500,150,15000,2.5%,,
11-May-13,CUCUTA,ALEXANDRA,CANDELARIA,CAFÉ,5000,460,5000,4.0%,,
12-May-13,CARTAGENA,MAURICIO,POMONA,MAIZ,1000,225,10000,1.5%,,
6-May-13,BARRANQUILLA,CATALINA,SUPERLEY,MAIZ,1500,150,15000,1.5%,,
10-May-13,BUCARAMANGA,CATALINA,SUPERLEY,LENTEJA,500,460,5000,3.5%,,
10-May-13,IBAGUE,CATALINA,CANDELARIA,LENTEJA,250,935,2500,3.5%,,
14-May-13,CUCUTA,CATALINA,POMONA,FRIJOL,500,475,5000,3.0%,,
10-May-13,BARRANQUILLA,CATALINA,POMONA,LENTEJA,3000,80,30000,3.5%,,
4-May-13,BOGOTA,MAURICIO,SUPERLEY,LENTEJA,1500,160,15000,3.5%,,
8-May-13,BOGOTA,MAURICIO,POMONA,FRIJOL,3000,80,30000,3.0%,,
17-May-13,IBAGUE,JORGE,SUPERLEY,CAFÉ,250,970,2500,4.0%,,
12-May-13,BUCARAMANGA,MAURICIO,CANDELARIA,MAIZ,1000,240,10000,1.5%,,
12-May-13,ARMENIA,MAURICIO,POMONA,MAIZ,3000,80,30000,1.5%,,
12-May-13,CALI,MAURICIO,SUPERLEY,MAIZ,250,960,2500,1.5%,,
14-May-13,BUCARAMANGA,CATALINA,ÉXITO,FRIJOL,5000,500,5000,3.0%,,
18-May-13,CUCUTA,CATALINA,SUPERLEY,MAIZ,5000,495,5000,1.5%,,
24-May-13,IBAGUE,MAURICIO,OPTIMO,MAIZ,250,1005,2500,1.5%,,
21-May-13,CUCUTA,JORGE,CANDELARIA,AZUCAR,500,510,5000,2.5%,,
19-May-13,CALI,ALEXANDRA,OPTIMO,ARROZ,250,1030,2500,2.0%,,
17-May-13,BUCARAMANGA,JORGE,OPTIMO,CAFÉ,500,530,5000,4.0%,,
19-May-13,CARTAGENA,ALEXANDRA,CANDELARIA,ARROZ,1000,260,10000,2.0%,,
7-May-13,MANIZALEZ,ALEXANDRA,ÉXITO,ARROZ,250,1040,2500,2.0%,,
1-May-13,BOGOTA,JORGE,OPTIMO,ARROZ,2000,130,20000,2.0%,,
1-May-13,CUCUTA,JORGE,OPTIMO,ARROZ,5000,530,5000,2.0%,,
14-May-13,MANIZALEZ,CATALINA,POMONA,FRIJOL,250,1075,2500,3.0%,,
4-May-13,CUCUTA,MAURICIO,SUPERLEY,LENTEJA,500,545,5000,3.5%,,
18-May-13,CARTAGENA,CATALINA,CANDELARIA,MAIZ,2000,135,20000,1.5%,,
2-May-13,CALI,CATALINA,ÉXITO,FRIJOL,250,1100,2500,3.0%,,
4-May-13,CARTAGENA,MAURICIO,CANDELARIA,LENTEJA,1500,185,15000,3.5%,,
21-May-13,MANIZALEZ,JORGE,CANDELARIA,AZUCAR,250,1110,2500,2.5%,,
8-May-13,CUCUTA,MAURICIO,ÉXITO,FRIJOL,5000,565,5000,3.0%,,
4-May-13,MANIZALEZ,MAURICIO,SUPERLEY,LENTEJA,250,1145,2500,3.5%,,
21-May-13,BUCARAMANGA,JORGE,POMONA,AZUCAR,5000,570,5000,2.5%,,
11-May-13,CUCUTA,ALEXANDRA,OPTIMO,CAFÉ,500,580,5000,4.0%,,
11-May-13,MANIZALEZ,ALEXANDRA,OPTIMO,CAFÉ,250,1180,2500,4.0%,,
9-May-13,CALI,JORGE,POMONA,AZUCAR,250,1170,2500,2.5%,,
2-May-13,CARTAGENA,CATALINA,SUPERLEY,FRIJOL,1000,295,10000,3.0%,,
5-May-13,BOGOTA,JORGE,OPTIMO,CAFÉ,3000,100,30000,4.0%,,
5-May-13,BARRANQUILLA,JORGE,POMONA,CAFÉ,1500,200,15000,4.0%,,
22-May-13,ARMENIA,CATALINA,SUPERLEY,LENTEJA,2000,150,20000,3.5%,,
20-May-13,BARRANQUILLA,MAURICIO,SUPERLEY,FRIJOL,2000,150,20000,3.0%,,
9-May-13,ARMENIA,JORGE,OPTIMO,AZUCAR,3000,100,30000,2.5%,,
3-May-13,BOGOTA,ALEXANDRA,POMONA,AZUCAR,1500,200,15000,2.5%,,
15-May-13,CUCUTA,ALEXANDRA,POMONA,AZUCAR,5000,600,5000,2.5%,,
7-May-13,BARRANQUILLA,ALEXANDRA,OPTIMO,ARROZ,3000,100,30000,2.0%,,
7-May-13,ARMENIA,ALEXANDRA,POMONA,ARROZ,1500,200,15000,2.0%,,
24-May-13,BUCARAMANGA,MAURICIO,ÉXITO,MAIZ,500,600,5000,1.5%,,
16-May-13,CALI,MAURICIO,CANDELARIA,LENTEJA,250,1240,2500,3.5%,,
18-May-13,MANIZALEZ,CATALINA,ÉXITO,MAIZ,250,1215,2500,1.5%,,
18-May-13,CUCUTA,CATALINA,ÉXITO,MAIZ,500,615,5000,1.5%,,
19-May-13,BUCARAMANGA,ALEXANDRA,SUPERLEY,ARROZ,1000,310,10000,2.0%,,
1-May-13,MANIZALEZ,JORGE,POMONA,ARROZ,250,1250,2500,2.0%,,
22-May-13,CUCUTA,CATALINA,CANDELARIA,LENTEJA,5000,635,5000,3.5%,,
4-May-13,BUCARAMANGA,MAURICIO,CANDELARIA,LENTEJA,5000,640,5000,3.5%,,
12-May-13,CARTAGENA,MAURICIO,OPTIMO,MAIZ,3000,105,30000,1.5%,,
8-May-13,MANIZALEZ,MAURICIO,CANDELARIA,FRIJOL,250,1285,2500,3.0%,,
23-May-13,CALI,ALEXANDRA,SUPERLEY,CAFÉ,250,1310,2500,4.0%,,
11-May-13,CARTAGENA,ALEXANDRA,SUPERLEY,CAFÉ,1500,220,15000,4.0%,,
1-May-13,CUCUTA,JORGE,POMONA,ARROZ,500,650,5000,2.0%,,
5-May-13,CUCUTA,JORGE,SUPERLEY,CAFÉ,5000,670,5000,4.0%,,
9-May-13,CARTAGENA,JORGE,OPTIMO,AZUCAR,1000,330,10000,2.5%,,
15-May-13,MANIZALEZ,ALEXANDRA,SUPERLEY,AZUCAR,250,1320,2500,2.5%,,
22-May-13,MANIZALEZ,CATALINA,OPTIMO,LENTEJA,250,1355,2500,3.5%,,
7-May-13,BUCARAMANGA,ALEXANDRA,POMONA,ARROZ,500,670,5000,2.0%,,
11-May-13,BUCARAMANGA,ALEXANDRA,OPTIMO,CAFÉ,1500,230,15000,4.0%,,
8-May-13,CUCUTA,MAURICIO,CANDELARIA,FRIJOL,500,685,5000,3.0%,,
1-May-13,CARTAGENA,JORGE,SUPERLEY,ARROZ,2000,170,20000,2.0%,,
5-May-13,MEDELLIN,JORGE,ÉXITO,CAFÉ,250,1390,2500,4.0%,,
6-May-13,CALI,CATALINA,OPTIMO,MAIZ,250,1380,2500,1.5%,,
11-May-13,BUCARAMANGA,ALEXANDRA,SUPERLEY,CAFÉ,5000,710,5000,4.0%,,
12-May-13,IBAGUE,MAURICIO,OPTIMO,MAIZ,5000,705,5000,1.5%,,
12-May-13,MEDELLIN,MAURICIO,POMONA,MAIZ,250,1425,2500,1.5%,,
15-May-13,IBAGUE,ALEXANDRA,SUPERLEY,AZUCAR,500,720,5000,2.5%,,
16-May-13,CARTAGENA,MAURICIO,ÉXITO,LENTEJA,1000,365,10000,3.5%,,
13-May-13,CALI,JORGE,ÉXITO,ARROZ,250,1450,2500,2.0%,,
19-May-13,MEDELLIN,ALEXANDRA,CANDELARIA,ARROZ,250,1460,2500,2.0%,,
14-May-13,BUCARAMANGA,CATALINA,CANDELARIA,FRIJOL,500,740,5000,3.0%,,
2-May-13,MEDELLIN,CATALINA,SUPERLEY,FRIJOL,250,1495,2500,3.0%,,
19-May-13,IBAGUE,ALEXANDRA,ÉXITO,ARROZ,5000,740,5000,2.0%,,
22-May-13,IBAGUE,CATALINA,OPTIMO,LENTEJA,500,755,5000,3.5%,,
2-May-13,BUCARAMANGA,CATALINA,OPTIMO,FRIJOL,1000,380,10000,3.0%,,
20-May-13,CALI,MAURICIO,POMONA,FRIJOL,250,1520,2500,3.0%,,
9-May-13,MEDELLIN,JORGE,OPTIMO,AZUCAR,250,1530,2500,2.5%,,
2-May-13,IBAGUE,CATALINA,POMONA,FRIJOL,5000,775,5000,3.0%,,
18-May-13,CARTAGENA,CATALINA,OPTIMO,MAIZ,1500,255,15000,1.5%,,
16-May-13,MEDELLIN,MAURICIO,ÉXITO,LENTEJA,250,1565,2500,3.5%,,
5-May-13,IBAGUE,JORGE,ÉXITO,CAFÉ,500,790,5000,4.0%,,
17-May-13,BOGOTA,JORGE,POMONA,CAFÉ,2000,200,20000,4.0%,,
23-May-13,CUCUTA,ALEXANDRA,POMONA,CAFÉ,1000,400,10000,4.0%,,
23-May-13,MEDELLIN,ALEXANDRA,POMONA,CAFÉ,250,1600,2500,4.0%,,
18-May-13,BUCARAMANGA,CATALINA,OPTIMO,MAIZ,5000,780,5000,1.5%,,
3-May-13,CARTAGENA,ALEXANDRA,CANDELARIA,AZUCAR,250,1590,2500,2.5%,,
8-May-13,BOGOTA,MAURICIO,ÉXITO,FRIJOL,2000,200,20000,3.0%,,
19-May-13,BARRANQUILLA,ALEXANDRA,POMONA,ARROZ,2000,200,20000,2.0%,,
9-May-13,IBAGUE,JORGE,CANDELARIA,AZUCAR,5000,810,5000,2.5%,,
21-May-13,BUCARAMANGA,JORGE,SUPERLEY,AZUCAR,500,810,5000,2.5%,,
8-May-13,CARTAGENA,MAURICIO,OPTIMO,FRIJOL,2000,205,20000,3.0%,,
10-May-13,CARTAGENA,CATALINA,SUPERLEY,LENTEJA,250,1660,2500,3.5%,,
6-May-13,MEDELLIN,CATALINA,CANDELARIA,MAIZ,250,1635,2500,1.5%,,
12-May-13,IBAGUE,MAURICIO,POMONA,MAIZ,500,825,5000,1.5%,,
2-May-13,BOGOTA,CATALINA,CANDELARIA,FRIJOL,3000,140,30000,3.0%,,
16-May-13,IBAGUE,MAURICIO,SUPERLEY,LENTEJA,5000,845,5000,3.5%,,
13-May-13,MEDELLIN,JORGE,SUPERLEY,ARROZ,250,1670,2500,2.0%,,
19-May-13,CARTAGENA,ALEXANDRA,ÉXITO,ARROZ,3000,140,30000,2.0%,,
20-May-13,NEIVA,MAURICIO,OPTIMO,FRIJOL,250,1705,2500,3.0%,,
1-May-13,BUCARAMANGA,JORGE,ÉXITO,ARROZ,5000,850,5000,2.0%,,
19-May-13,IBAGUE,ALEXANDRA,CANDELARIA,ARROZ,500,860,5000,2.0%,,
23-May-13,IBAGUE,ALEXANDRA,OPTIMO,CAFÉ,5000,880,5000,4.0%,,
3-May-13,NEIVA,ALEXANDRA,ÉXITO,AZUCAR,250,1740,2500,2.5%,,
4-May-13,CALI,MAURICIO,OPTIMO,LENTEJA,500,880,5000,3.5%,,
1-May-13,CARTAGENA,JORGE,ÉXITO,ARROZ,1500,290,15000,2.0%,,
10-May-13,NEIVA,CATALINA,POMONA,LENTEJA,250,1775,2500,3.5%,,
6-May-13,CUCUTA,CATALINA,CANDELARIA,MAIZ,1000,435,10000,1.5%,,
2-May-13,IBAGUE,CATALINA,SUPERLEY,FRIJOL,500,895,5000,3.0%,,
22-May-13,BOGOTA,CATALINA,SUPERLEY,LENTEJA,3000,150,30000,3.5%,,
17-May-13,NEIVA,JORGE,CANDELARIA,CAFÉ,250,1810,2500,4.0%,,
2-May-13,ARMENIA,CATALINA,SUPERLEY,FRIJOL,3000,150,30000,3.0%,,
9-May-13,BUCARAMANGA,JORGE,ÉXITO,AZUCAR,1000,450,10000,2.5%,,
18-May-13,BUCARAMANGA,CATALINA,ÉXITO,MAIZ,1500,300,15000,1.5%,,
24-May-13,BARRANQUILLA,MAURICIO,SUPERLEY,MAIZ,3000,150,30000,1.5%,,
8-May-13,CALI,MAURICIO,POMONA,FRIJOL,5000,920,5000,3.0%,,
6-May-13,IBAGUE,CATALINA,ÉXITO,MAIZ,5000,915,5000,1.5%,,
9-May-13,IBAGUE,JORGE,OPTIMO,AZUCAR,500,930,5000,2.5%,,
24-May-13,NEIVA,MAURICIO,SUPERLEY,MAIZ,250,1845,2500,1.5%,,
11-May-13,CALI,ALEXANDRA,ÉXITO,CAFÉ,500,950,5000,4.0%,,
7-May-13,NEIVA,ALEXANDRA,OPTIMO,ARROZ,250,1880,2500,2.0%,,
13-May-13,CUCUTA,JORGE,SUPERLEY,ARROZ,1000,470,10000,2.0%,,
14-May-13,NEIVA,CATALINA,ÉXITO,FRIJOL,250,1915,2500,3.0%,,
13-May-13,IBAGUE,JORGE,POMONA,ARROZ,5000,950,5000,2.0%,,
16-May-13,IBAGUE,MAURICIO,ÉXITO,LENTEJA,500,965,5000,3.5%,,
15-May-13,CARTAGENA,ALEXANDRA,ÉXITO,AZUCAR,2000,240,20000,2.5%,,
8-May-13,CARTAGENA,MAURICIO,POMONA,FRIJOL,1500,325,15000,3.0%,,
21-May-13,NEIVA,JORGE,POMONA,AZUCAR,250,1950,2500,2.5%,,
20-May-13,IBAGUE,MAURICIO,CANDELARIA,FRIJOL,5000,985,5000,3.0%,,
4-May-13,NEIVA,MAURICIO,CANDELARIA,LENTEJA,250,1985,2500,3.5%,,
23-May-13,IBAGUE,ALEXANDRA,POMONA,CAFÉ,500,1000,5000,4.0%,,
15-May-13,CALI,ALEXANDRA,CANDELARIA,AZUCAR,5000,990,5000,2.5%,,
11-May-13,NEIVA,ALEXANDRA,SUPERLEY,CAFÉ,250,2020,2500,4.0%,,
20-May-13,CUCUTA,MAURICIO,OPTIMO,FRIJOL,1000,505,10000,3.0%,,
3-May-13,IBAGUE,ALEXANDRA,SUPERLEY,AZUCAR,5000,1020,5000,2.5%,,
16-May-13,BUCARAMANGA,MAURICIO,POMONA,LENTEJA,1000,520,10000,3.5%,,
18-May-13,CALI,CATALINA,POMONA,MAIZ,500,1020,5000,1.5%,,
18-May-13,PASTO,CATALINA,OPTIMO,MAIZ,250,2055,2500,1.5%,,
10-May-13,MANIZALEZ,CATALINA,OPTIMO,LENTEJA,5000,1055,5000,3.5%,,
2-May-13,CARTAGENA,CATALINA,POMONA,FRIJOL,3000,175,30000,3.0%,,
6-May-13,MANIZALEZ,CATALINA,CANDELARIA,MAIZ,500,1035,5000,1.5%,,
22-May-13,CALI,CATALINA,SUPERLEY,LENTEJA,5000,1060,5000,3.5%,,
1-May-13,PASTO,JORGE,ÉXITO,ARROZ,250,2090,2500,2.0%,,
8-May-13,PASTO,MAURICIO,POMONA,FRIJOL,250,2125,2500,3.0%,,
17-May-13,MANIZALEZ,JORGE,ÉXITO,CAFÉ,5000,1090,5000,4.0%,,
13-May-13,MANIZALEZ,JORGE,SUPERLEY,ARROZ,500,1070,5000,2.0%,,
15-May-13,CARTAGENA,ALEXANDRA,CANDELARIA,AZUCAR,1500,360,15000,2.5%,,
15-May-13,PASTO,ALEXANDRA,CANDELARIA,AZUCAR,250,2160,2500,2.5%,,
3-May-13,CUCUTA,ALEXANDRA,ÉXITO,AZUCAR,1000,540,10000,2.5%,,
15-May-13,BUCARAMANGA,ALEXANDRA,POMONA,AZUCAR,2000,270,20000,2.5%,,
22-May-13,PASTO,CATALINA,SUPERLEY,LENTEJA,250,2195,2500,3.5%,,
22-May-13,CARTAGENA,CATALINA,POMONA,LENTEJA,2000,275,20000,3.5%,,
1-May-13,CALI,JORGE,CANDELARIA,ARROZ,500,1090,5000,2.0%,,
5-May-13,PASTO,JORGE,OPTIMO,CAFÉ,250,2230,2500,4.0%,,
20-May-13,MANIZALEZ,MAURICIO,OPTIMO,FRIJOL,500,1105,5000,3.0%,,
5-May-13,CALI,JORGE,OPTIMO,CAFÉ,5000,1130,5000,4.0%,,
1-May-13,BUCARAMANGA,JORGE,POMONA,ARROZ,1500,370,15000,2.0%,,
24-May-13,MANIZALEZ,MAURICIO,POMONA,MAIZ,5000,1125,5000,1.5%,,
10-May-13,CUCUTA,CATALINA,POMONA,LENTEJA,1000,575,10000,3.5%,,
3-May-13,MANIZALEZ,ALEXANDRA,ÉXITO,AZUCAR,500,1140,5000,2.5%,,
12-May-13,PASTO,MAURICIO,ÉXITO,MAIZ,250,2265,2500,1.5%,,
8-May-13,CALI,MAURICIO,SUPERLEY,FRIJOL,500,1160,5000,3.0%,,
19-May-13,PASTO,ALEXANDRA,POMONA,ARROZ,250,2300,2500,2.0%,,
2-May-13,PASTO,CATALINA,CANDELARIA,FRIJOL,250,2335,2500,3.0%,,
23-May-13,BUCARAMANGA,ALEXANDRA,CANDELARIA,CAFÉ,1000,590,10000,4.0%,,
10-May-13,MANIZALEZ,CATALINA,POMONA,LENTEJA,500,1175,5000,3.5%,,
7-May-13,MANIZALEZ,ALEXANDRA,CANDELARIA,ARROZ,5000,1160,5000,2.0%,,
22-May-13,CUCUTA,CATALINA,SUPERLEY,LENTEJA,1500,395,15000,3.5%,,
23-May-13,ARMENIA,ALEXANDRA,POMONA,CAFÉ,3000,200,30000,4.0%,,
9-May-13,PEREIRA,JORGE,SUPERLEY,AZUCAR,250,2370,2500,2.5%,,
14-May-13,MANIZALEZ,CATALINA,SUPERLEY,FRIJOL,5000,1195,5000,3.0%,,
16-May-13,PEREIRA,MAURICIO,OPTIMO,LENTEJA,250,2405,2500,3.5%,,
17-May-13,MANIZALEZ,JORGE,CANDELARIA,CAFÉ,500,1210,5000,4.0%,,
21-May-13,BARRANQUILLA,JORGE,POMONA,AZUCAR,3000,200,30000,2.5%,,
17-May-13,CUCUTA,JORGE,CANDELARIA,CAFÉ,1000,610,10000,4.0%,,
23-May-13,PEREIRA,ALEXANDRA,ÉXITO,CAFÉ,250,2440,2500,4.0%,,
12-May-13,CALI,MAURICIO,ÉXITO,MAIZ,5000,1200,5000,1.5%,,
5-May-13,CARTAGENA,JORGE,CANDELARIA,CAFÉ,2000,310,20000,4.0%,,
15-May-13,CALI,ALEXANDRA,OPTIMO,AZUCAR,500,1230,5000,2.5%,,
21-May-13,MANIZALEZ,JORGE,OPTIMO,AZUCAR,5000,1230,5000,2.5%,,
6-May-13,PEREIRA,CATALINA,POMONA,MAIZ,250,2475,2500,1.5%,,
4-May-13,MANIZALEZ,MAURICIO,ÉXITO,LENTEJA,5000,1265,5000,3.5%,,
24-May-13,MANIZALEZ,MAURICIO,SUPERLEY,MAIZ,500,1245,5000,1.5%,,
9-May-13,CARTAGENA,JORGE,CANDELARIA,AZUCAR,3000,210,30000,2.5%,,
9-May-13,BUCARAMANGA,JORGE,SUPERLEY,AZUCAR,3000,210,30000,2.5%,,
13-May-13,PEREIRA,JORGE,CANDELARIA,ARROZ,250,2510,2500,2.0%,,
20-May-13,PEREIRA,MAURICIO,SUPERLEY,FRIJOL,250,2545,2500,3.0%,,
5-May-13,CUCUTA,JORGE,OPTIMO,CAFÉ,1500,430,15000,4.0%,,
19-May-13,CALI,ALEXANDRA,POMONA,ARROZ,5000,1270,5000,2.0%,,
11-May-13,MANIZALEZ,ALEXANDRA,POMONA,CAFÉ,5000,1300,5000,4.0%,,
7-May-13,MANIZALEZ,ALEXANDRA,OPTIMO,ARROZ,500,1280,5000,2.0%,,
22-May-13,CALI,CATALINA,ÉXITO,LENTEJA,500,1300,5000,3.5%,,
3-May-13,PEREIRA,ALEXANDRA,OPTIMO,AZUCAR,250,2580,2500,2.5%,,
10-May-13,PEREIRA,CATALINA,ÉXITO,LENTEJA,250,2615,2500,3.5%,,
24-May-13,CUCUTA,MAURICIO,SUPERLEY,MAIZ,1000,645,10000,1.5%,,
17-May-13,PEREIRA,JORGE,POMONA,CAFÉ,250,2650,2500,4.0%,,
14-May-13,MANIZALEZ,CATALINA,ÉXITO,FRIJOL,500,1315,5000,3.0%,,
8-May-13,BUCARAMANGA,MAURICIO,CANDELARIA,FRIJOL,1500,440,15000,3.0%,,
2-May-13,CALI,CATALINA,CANDELARIA,FRIJOL,5000,1340,5000,3.0%,,
6-May-13,BUCARAMANGA,CATALINA,SUPERLEY,MAIZ,1000,660,10000,1.5%,,
22-May-13,BUCARAMANGA,CATALINA,CANDELARIA,LENTEJA,2000,340,20000,3.5%,,
18-May-13,MANIZALEZ,CATALINA,CANDELARIA,MAIZ,5000,1335,5000,1.5%,,
5-May-13,CALI,JORGE,POMONA,CAFÉ,500,1370,5000,4.0%,,
21-May-13,MANIZALEZ,JORGE,POMONA,AZUCAR,500,1350,5000,2.5%,,
24-May-13,PEREIRA,MAURICIO,CANDELARIA,MAIZ,250,2685,2500,1.5%,,
7-May-13,CUCUTA,ALEXANDRA,OPTIMO,ARROZ,1000,680,10000,2.0%,,
7-May-13,SANTA MARTA,ALEXANDRA,SUPERLEY,ARROZ,250,2720,2500,2.0%,,
14-May-13,SANTA MARTA,CATALINA,OPTIMO,FRIJOL,250,2755,2500,3.0%,,
4-May-13,MEDELLIN,MAURICIO,CANDELARIA,LENTEJA,500,1385,5000,3.5%,,
1-May-13,MEDELLIN,JORGE,SUPERLEY,ARROZ,5000,1370,5000,2.0%,,
12-May-13,CARTAGENA,MAURICIO,SUPERLEY,MAIZ,2000,345,20000,1.5%,,
21-May-13,SANTA MARTA,JORGE,ÉXITO,AZUCAR,250,2790,2500,2.5%,,
8-May-13,MEDELLIN,MAURICIO,OPTIMO,FRIJOL,5000,1405,5000,3.0%,,
4-May-13,SANTA MARTA,MAURICIO,POMONA,LENTEJA,250,2825,2500,3.5%,,
11-May-13,MEDELLIN,ALEXANDRA,SUPERLEY,CAFÉ,500,1420,5000,4.0%,,
11-May-13,SANTA MARTA,ALEXANDRA,CANDELARIA,CAFÉ,250,2860,2500,4.0%,,
12-May-13,CUCUTA,MAURICIO,ÉXITO,MAIZ,1500,465,15000,1.5%,,
9-May-13,CALI,JORGE,SUPERLEY,AZUCAR,5000,1410,5000,2.5%,,
14-May-13,IBAGUE,CATALINA,ÉXITO,FRIJOL,1000,715,10000,3.0%,,
15-May-13,MEDELLIN,ALEXANDRA,ÉXITO,AZUCAR,5000,1440,5000,2.5%,,
12-May-13,CALI,MAURICIO,CANDELARIA,MAIZ,500,1440,5000,1.5%,,
16-May-13,CARTAGENA,MAURICIO,SUPERLEY,LENTEJA,3000,245,30000,3.5%,,
22-May-13,MEDELLIN,CATALINA,POMONA,LENTEJA,5000,1475,5000,3.5%,,
18-May-13,SANTA MARTA,CATALINA,SUPERLEY,MAIZ,250,2895,2500,1.5%,,
16-May-13,CALI,MAURICIO,OPTIMO,LENTEJA,5000,1480,5000,3.5%,,
13-May-13,BUCARAMANGA,JORGE,OPTIMO,ARROZ,1000,730,10000,2.0%,,
18-May-13,MEDELLIN,CATALINA,OPTIMO,MAIZ,500,1455,5000,1.5%,,
1-May-13,SANTA MARTA,JORGE,OPTIMO,ARROZ,250,2930,2500,2.0%,,
8-May-13,SANTA MARTA,MAURICIO,ÉXITO,FRIJOL,250,2965,2500,3.0%,,
5-May-13,MEDELLIN,JORGE,CANDELARIA,CAFÉ,5000,1510,5000,4.0%,,
1-May-13,MEDELLIN,JORGE,ÉXITO,ARROZ,500,1490,5000,2.0%,,
15-May-13,SANTA MARTA,ALEXANDRA,POMONA,AZUCAR,250,3000,2500,2.5%,,
21-May-13,IBAGUE,JORGE,POMONA,AZUCAR,1000,750,10000,2.5%,,
22-May-13,VALLEDUPAR,CATALINA,CANDELARIA,LENTEJA,250,3035,2500,3.5%,,
19-May-13,CUCUTA,ALEXANDRA,POMONA,ARROZ,1500,500,15000,2.0%,,
5-May-13,VALLEDUPAR,JORGE,SUPERLEY,CAFÉ,250,3070,2500,4.0%,,
8-May-13,MEDELLIN,MAURICIO,POMONA,FRIJOL,500,1525,5000,3.0%,,
19-May-13,CALI,ALEXANDRA,SUPERLEY,ARROZ,500,1510,5000,2.0%,,
23-May-13,CARTAGENA,ALEXANDRA,ÉXITO,CAFÉ,5000,1550,5000,4.0%,,
19-May-13,CUCUTA,ALEXANDRA,OPTIMO,ARROZ,2000,380,20000,2.0%,,
15-May-13,BUCARAMANGA,ALEXANDRA,SUPERLEY,AZUCAR,1500,510,15000,2.5%,,
4-May-13,IBAGUE,MAURICIO,CANDELARIA,LENTEJA,1000,785,10000,3.5%,,
15-May-13,MEDELLIN,ALEXANDRA,CANDELARIA,AZUCAR,500,1560,5000,2.5%,,
12-May-13,MEDELLIN,MAURICIO,SUPERLEY,MAIZ,5000,1545,5000,1.5%,,
12-May-13,VALLEDUPAR,MAURICIO,OPTIMO,MAIZ,250,3105,2500,1.5%,,
2-May-13,CARTAGENA,CATALINA,OPTIMO,FRIJOL,500,1580,5000,3.0%,,
19-May-13,VALLEDUPAR,ALEXANDRA,ÉXITO,ARROZ,250,3140,2500,2.0%,,
22-May-13,MEDELLIN,CATALINA,SUPERLEY,LENTEJA,500,1595,5000,3.5%,,
2-May-13,VALLEDUPAR,CATALINA,POMONA,FRIJOL,250,3175,2500,3.0%,,
19-May-13,MEDELLIN,ALEXANDRA,OPTIMO,ARROZ,5000,1580,5000,2.0%,,
20-May-13,BUCARAMANGA,MAURICIO,ÉXITO,FRIJOL,1000,800,10000,3.0%,,
2-May-13,CUCUTA,CATALINA,CANDELARIA,FRIJOL,1500,535,15000,3.0%,,
5-May-13,MEDELLIN,JORGE,OPTIMO,CAFÉ,500,1630,5000,4.0%,,
9-May-13,VALLEDUPAR,JORGE,CANDELARIA,AZUCAR,250,3210,2500,2.5%,,
16-May-13,VALLEDUPAR,MAURICIO,SUPERLEY,LENTEJA,250,3245,2500,3.5%,,
2-May-13,MEDELLIN,CATALINA,ÉXITO,FRIJOL,5000,1615,5000,3.0%,,
23-May-13,VALLEDUPAR,ALEXANDRA,OPTIMO,CAFÉ,250,3280,2500,4.0%,,
5-May-13,BUCARAMANGA,JORGE,SUPERLEY,CAFÉ,2000,410,20000,4.0%,,
11-May-13,IBAGUE,ALEXANDRA,SUPERLEY,CAFÉ,1000,820,10000,4.0%,,
6-May-13,CARTAGENA,CATALINA,POMONA,MAIZ,5000,1620,5000,1.5%,,
9-May-13,CARTAGENA,JORGE,ÉXITO,AZUCAR,500,1650,5000,2.5%,,
9-May-13,MEDELLIN,JORGE,POMONA,AZUCAR,5000,1650,5000,2.5%,,
2-May-13,CUCUTA,CATALINA,ÉXITO,FRIJOL,2000,415,20000,3.0%,,
23-May-13,CARTAGENA,ALEXANDRA,OPTIMO,CAFÉ,3000,280,30000,4.0%,,
16-May-13,BUCARAMANGA,MAURICIO,OPTIMO,LENTEJA,3000,280,30000,3.5%,,
16-May-13,MEDELLIN,MAURICIO,CANDELARIA,LENTEJA,5000,1685,5000,3.5%,,
6-May-13,VALLEDUPAR,CATALINA,ÉXITO,MAIZ,250,3315,2500,1.5%,,
12-May-13,MEDELLIN,MAURICIO,ÉXITO,MAIZ,500,1665,5000,1.5%,,
13-May-13,VALLEDUPAR,JORGE,POMONA,ARROZ,250,3350,2500,2.0%,,
23-May-13,NEIVA,ALEXANDRA,SUPERLEY,CAFÉ,5000,1720,5000,4.0%,,
19-May-13,MEDELLIN,ALEXANDRA,POMONA,ARROZ,500,1700,5000,2.0%,,
9-May-13,CUCUTA,JORGE,SUPERLEY,AZUCAR,1500,570,15000,2.5%,,
22-May-13,BUCARAMANGA,CATALINA,OPTIMO,LENTEJA,1500,580,15000,3.5%,,
2-May-13,NEIVA,CATALINA,CANDELARIA,FRIJOL,500,1735,5000,3.0%,,
18-May-13,IBAGUE,CATALINA,OPTIMO,MAIZ,1000,855,10000,1.5%,,
3-May-13,BUCARAMANGA,ALEXANDRA,POMONA,AZUCAR,1000,870,10000,2.5%,,
9-May-13,NEIVA,JORGE,SUPERLEY,AZUCAR,500,1770,5000,2.5%,,
6-May-13,NEIVA,CATALINA,OPTIMO,MAIZ,5000,1755,5000,1.5%,,
16-May-13,NEIVA,MAURICIO,OPTIMO,LENTEJA,500,1805,5000,3.5%,,
1-May-13,IBAGUE,JORGE,ÉXITO,ARROZ,1000,890,10000,2.0%,,
16-May-13,CUCUTA,MAURICIO,OPTIMO,LENTEJA,1500,605,15000,3.5%,,
13-May-13,NEIVA,JORGE,ÉXITO,ARROZ,5000,1790,5000,2.0%,,
9-May-13,CUCUTA,JORGE,POMONA,AZUCAR,2000,450,20000,2.5%,,
23-May-13,NEIVA,ALEXANDRA,ÉXITO,CAFÉ,500,1840,5000,4.0%,,
20-May-13,NEIVA,MAURICIO,POMONA,FRIJOL,5000,1825,5000,3.0%,,
8-May-13,IBAGUE,MAURICIO,POMONA,FRIJOL,1000,925,10000,3.0%,,
3-May-13,NEIVA,ALEXANDRA,CANDELARIA,AZUCAR,5000,1860,5000,2.5%,,
10-May-13,CALI,CATALINA,CANDELARIA,LENTEJA,1000,940,10000,3.5%,,
10-May-13,NEIVA,CATALINA,SUPERLEY,LENTEJA,5000,1895,5000,3.5%,,
23-May-13,CUCUTA,ALEXANDRA,ÉXITO,CAFÉ,1500,640,15000,4.0%,,
6-May-13,NEIVA,CATALINA,POMONA,MAIZ,500,1875,5000,1.5%,,
17-May-13,NEIVA,JORGE,OPTIMO,CAFÉ,5000,1930,5000,4.0%,,
6-May-13,CARTAGENA,CATALINA,ÉXITO,MAIZ,3000,315,30000,1.5%,,
13-May-13,NEIVA,JORGE,CANDELARIA,ARROZ,500,1910,5000,2.0%,,
15-May-13,IBAGUE,ALEXANDRA,CANDELARIA,AZUCAR,1000,960,10000,2.5%,,
5-May-13,BUCARAMANGA,JORGE,ÉXITO,CAFÉ,1500,650,15000,4.0%,,
16-May-13,CUCUTA,MAURICIO,CANDELARIA,LENTEJA,2000,485,20000,3.5%,,
20-May-13,NEIVA,MAURICIO,SUPERLEY,FRIJOL,500,1945,5000,3.0%,,
12-May-13,BUCARAMANGA,MAURICIO,OPTIMO,MAIZ,2000,480,20000,1.5%,,
22-May-13,IBAGUE,CATALINA,SUPERLEY,LENTEJA,1000,995,10000,3.5%,,
3-May-13,NEIVA,ALEXANDRA,OPTIMO,AZUCAR,500,1980,5000,2.5%,,
24-May-13,NEIVA,MAURICIO,ÉXITO,MAIZ,5000,1965,5000,1.5%,,
17-May-13,CALI,JORGE,SUPERLEY,CAFÉ,1000,1010,10000,4.0%,,
10-May-13,NEIVA,CATALINA,ÉXITO,LENTEJA,500,2015,5000,3.5%,,
7-May-13,NEIVA,ALEXANDRA,POMONA,ARROZ,5000,2000,5000,2.0%,,
17-May-13,PASTO,JORGE,POMONA,CAFÉ,500,2050,5000,4.0%,,
14-May-13,NEIVA,CATALINA,CANDELARIA,FRIJOL,5000,2035,5000,3.0%,,
5-May-13,IBAGUE,JORGE,OPTIMO,CAFÉ,1000,1030,10000,4.0%,,
6-May-13,CUCUTA,CATALINA,POMONA,MAIZ,1500,675,15000,1.5%,,
23-May-13,CUCUTA,ALEXANDRA,SUPERLEY,CAFÉ,2000,520,20000,4.0%,,
23-May-13,BUCARAMANGA,ALEXANDRA,ÉXITO,CAFÉ,3000,350,30000,4.0%,,
21-May-13,PASTO,JORGE,SUPERLEY,AZUCAR,5000,2070,5000,2.5%,,
4-May-13,PASTO,MAURICIO,OPTIMO,LENTEJA,5000,2105,5000,3.5%,,
24-May-13,PASTO,MAURICIO,CANDELARIA,MAIZ,500,2085,5000,1.5%,,
11-May-13,PASTO,ALEXANDRA,ÉXITO,CAFÉ,5000,2140,5000,4.0%,,
13-May-13,CARTAGENA,JORGE,POMONA,ARROZ,3000,350,30000,2.0%,,
7-May-13,PASTO,ALEXANDRA,SUPERLEY,ARROZ,500,2120,5000,2.0%,,
13-May-13,IBAGUE,JORGE,CANDELARIA,ARROZ,1500,710,15000,2.0%,,
14-May-13,PASTO,CATALINA,OPTIMO,FRIJOL,500,2155,5000,3.0%,,
12-May-13,MANIZALEZ,MAURICIO,ÉXITO,MAIZ,1000,1065,10000,1.5%,,
24-May-13,CALI,MAURICIO,OPTIMO,MAIZ,1000,1080,10000,1.5%,,
12-May-13,BUCARAMANGA,MAURICIO,POMONA,MAIZ,1500,720,15000,1.5%,,
21-May-13,PASTO,JORGE,ÉXITO,AZUCAR,500,2190,5000,2.5%,,
18-May-13,PASTO,CATALINA,POMONA,MAIZ,5000,2175,5000,1.5%,,
4-May-13,PASTO,MAURICIO,POMONA,LENTEJA,500,2225,5000,3.5%,,
19-May-13,BUCARAMANGA,ALEXANDRA,ÉXITO,ARROZ,2000,550,20000,2.0%,,
19-May-13,MANIZALEZ,ALEXANDRA,POMONA,ARROZ,1000,1100,10000,2.0%,,
1-May-13,PASTO,JORGE,CANDELARIA,ARROZ,5000,2210,5000,2.0%,,
20-May-13,IBAGUE,MAURICIO,SUPERLEY,FRIJOL,1500,745,15000,3.0%,,
11-May-13,PASTO,ALEXANDRA,CANDELARIA,CAFÉ,500,2260,5000,4.0%,,
8-May-13,PASTO,MAURICIO,SUPERLEY,FRIJOL,5000,2245,5000,3.0%,,
6-May-13,CUCUTA,CATALINA,OPTIMO,MAIZ,2000,555,20000,1.5%,,
2-May-13,MANIZALEZ,CATALINA,CANDELARIA,FRIJOL,1000,1135,10000,3.0%,,
15-May-13,PASTO,ALEXANDRA,OPTIMO,AZUCAR,5000,2280,5000,2.5%,,
22-May-13,PASTO,CATALINA,ÉXITO,LENTEJA,5000,2315,5000,3.5%,,
20-May-13,CUCUTA,MAURICIO,CANDELARIA,FRIJOL,3000,385,30000,3.0%,,
7-May-13,CALI,ALEXANDRA,ÉXITO,ARROZ,1000,1150,10000,2.0%,,
5-May-13,PASTO,JORGE,POMONA,CAFÉ,5000,2350,5000,4.0%,,
18-May-13,PASTO,CATALINA,SUPERLEY,MAIZ,500,2295,5000,1.5%,,
3-May-13,IBAGUE,ALEXANDRA,OPTIMO,AZUCAR,1500,780,15000,2.5%,,
9-May-13,MANIZALEZ,JORGE,SUPERLEY,AZUCAR,1000,1170,10000,2.5%,,
1-May-13,PASTO,JORGE,OPTIMO,ARROZ,500,2330,5000,2.0%,,
8-May-13,PASTO,MAURICIO,ÉXITO,FRIJOL,500,2365,5000,3.0%,,
13-May-13,CUCUTA,JORGE,ÉXITO,ARROZ,2000,590,20000,2.0%,,
19-May-13,BUCARAMANGA,ALEXANDRA,CANDELARIA,ARROZ,1500,790,15000,2.0%,,
16-May-13,MANIZALEZ,MAURICIO,OPTIMO,LENTEJA,1000,1205,10000,3.5%,,
15-May-13,PEREIRA,ALEXANDRA,POMONA,AZUCAR,500,2400,5000,2.5%,,
12-May-13,PEREIRA,MAURICIO,CANDELARIA,MAIZ,5000,2385,5000,1.5%,,
22-May-13,PEREIRA,CATALINA,CANDELARIA,LENTEJA,500,2435,5000,3.5%,,
10-May-13,IBAGUE,CATALINA,ÉXITO,LENTEJA,1500,815,15000,3.5%,,
14-May-13,CALI,CATALINA,POMONA,FRIJOL,1000,1220,10000,3.0%,,
5-May-13,PEREIRA,JORGE,SUPERLEY,CAFÉ,500,2470,5000,4.0%,,
19-May-13,PEREIRA,ALEXANDRA,SUPERLEY,ARROZ,5000,2420,5000,2.0%,,
23-May-13,MANIZALEZ,ALEXANDRA,ÉXITO,CAFÉ,1000,1240,10000,4.0%,,
2-May-13,PEREIRA,CATALINA,OPTIMO,FRIJOL,5000,2455,5000,3.0%,,
2-May-13,BUCARAMANGA,CATALINA,POMONA,FRIJOL,2000,620,20000,3.0%,,
20-May-13,CUCUTA,MAURICIO,POMONA,FRIJOL,2000,625,20000,3.0%,,
9-May-13,PEREIRA,JORGE,ÉXITO,AZUCAR,5000,2490,5000,2.5%,,
16-May-13,PEREIRA,MAURICIO,POMONA,LENTEJA,5000,2525,5000,3.5%,,
17-May-13,IBAGUE,JORGE,POMONA,CAFÉ,1500,850,15000,4.0%,,
3-May-13,CUCUTA,ALEXANDRA,SUPERLEY,AZUCAR,3000,420,30000,2.5%,,
23-May-13,PEREIRA,ALEXANDRA,CANDELARIA,CAFÉ,5000,2560,5000,4.0%,,
12-May-13,PEREIRA,MAURICIO,OPTIMO,MAIZ,500,2505,5000,1.5%,,
6-May-13,BUCARAMANGA,CATALINA,POMONA,MAIZ,3000,420,30000,1.5%,,
19-May-13,PEREIRA,ALEXANDRA,ÉXITO,ARROZ,500,2540,5000,2.0%,,
2-May-13,PEREIRA,CATALINA,POMONA,FRIJOL,500,2575,5000,3.0%,,
2-May-13,BUCARAMANGA,CATALINA,SUPERLEY,FRIJOL,1500,860,15000,3.0%,,
6-May-13,MANIZALEZ,CATALINA,POMONA,MAIZ,1000,1275,10000,1.5%,,
21-May-13,CALI,JORGE,CANDELARIA,AZUCAR,1000,1290,10000,2.5%,,
9-May-13,PEREIRA,JORGE,CANDELARIA,AZUCAR,500,2610,5000,2.5%,,
16-May-13,PEREIRA,MAURICIO,SUPERLEY,LENTEJA,500,2645,5000,3.5%,,
6-May-13,PEREIRA,CATALINA,SUPERLEY,MAIZ,5000,2595,5000,1.5%,,
13-May-13,MANIZALEZ,JORGE,CANDELARIA,ARROZ,1000,1310,10000,2.0%,,
23-May-13,PEREIRA,ALEXANDRA,OPTIMO,CAFÉ,500,2680,5000,4.0%,,
3-May-13,CUCUTA,ALEXANDRA,CANDELARIA,AZUCAR,2000,660,20000,2.5%,,
13-May-13,PEREIRA,JORGE,OPTIMO,ARROZ,5000,2630,5000,2.0%,,
20-May-13,PEREIRA,MAURICIO,ÉXITO,FRIJOL,5000,2665,5000,3.0%,,
20-May-13,MANIZALEZ,MAURICIO,SUPERLEY,FRIJOL,1000,1345,10000,3.0%,,
24-May-13,IBAGUE,MAURICIO,CANDELARIA,MAIZ,1500,885,15000,1.5%,,
4-May-13,CALI,MAURICIO,SUPERLEY,LENTEJA,1000,1360,10000,3.5%,,
3-May-13,PEREIRA,ALEXANDRA,POMONA,AZUCAR,5000,2700,5000,2.5%,,
10-May-13,CUCUTA,CATALINA,OPTIMO,LENTEJA,3000,455,30000,3.5%,,
10-May-13,SANTA MARTA,CATALINA,CANDELARIA,LENTEJA,5000,2735,5000,3.5%,,
17-May-13,SANTA MARTA,JORGE,SUPERLEY,CAFÉ,5000,2770,5000,4.0%,,
6-May-13,SANTA MARTA,CATALINA,ÉXITO,MAIZ,500,2715,5000,1.5%,,
10-May-13,CUCUTA,CATALINA,SUPERLEY,LENTEJA,2000,695,20000,3.5%,,
9-May-13,BUCARAMANGA,JORGE,CANDELARIA,AZUCAR,2000,690,20000,2.5%,,
3-May-13,MEDELLIN,ALEXANDRA,OPTIMO,AZUCAR,1000,1380,10000,2.5%,,
13-May-13,SANTA MARTA,JORGE,POMONA,ARROZ,500,2750,5000,2.0%,,
20-May-13,SANTA MARTA,MAURICIO,CANDELARIA,FRIJOL,500,2785,5000,3.0%,,
7-May-13,IBAGUE,ALEXANDRA,SUPERLEY,ARROZ,1500,920,15000,2.0%,,
9-May-13,CALI,JORGE,OPTIMO,AZUCAR,1500,930,15000,2.5%,,
10-May-13,MEDELLIN,CATALINA,ÉXITO,LENTEJA,1000,1415,10000,3.5%,,
11-May-13,CALI,ALEXANDRA,OPTIMO,CAFÉ,1000,1430,10000,4.0%,,
3-May-13,SANTA MARTA,ALEXANDRA,SUPERLEY,AZUCAR,500,2820,5000,2.5%,,
10-May-13,SANTA MARTA,CATALINA,OPTIMO,LENTEJA,500,2855,5000,3.5%,,
24-May-13,SANTA MARTA,MAURICIO,OPTIMO,MAIZ,5000,2805,5000,1.5%,,
17-May-13,SANTA MARTA,JORGE,ÉXITO,CAFÉ,500,2890,5000,4.0%,,
14-May-13,IBAGUE,CATALINA,OPTIMO,FRIJOL,1500,955,15000,3.0%,,
7-May-13,SANTA MARTA,ALEXANDRA,ÉXITO,ARROZ,5000,2840,5000,2.0%,,
17-May-13,MEDELLIN,JORGE,POMONA,CAFÉ,1000,1450,10000,4.0%,,
14-May-13,SANTA MARTA,CATALINA,POMONA,FRIJOL,5000,2875,5000,3.0%,,
17-May-13,IBAGUE,JORGE,OPTIMO,CAFÉ,2000,730,20000,4.0%,,
17-May-13,CUCUTA,JORGE,ÉXITO,CAFÉ,3000,490,30000,4.0%,,
21-May-13,SANTA MARTA,JORGE,CANDELARIA,AZUCAR,5000,2910,5000,2.5%,,
4-May-13,SANTA MARTA,MAURICIO,SUPERLEY,LENTEJA,5000,2945,5000,3.5%,,
11-May-13,SANTA MARTA,ALEXANDRA,OPTIMO,CAFÉ,5000,2980,5000,4.0%,,
24-May-13,SANTA MARTA,MAURICIO,POMONA,MAIZ,500,2925,5000,1.5%,,
13-May-13,BUCARAMANGA,JORGE,CANDELARIA,ARROZ,3000,490,30000,2.0%,,
16-May-13,CALI,MAURICIO,ÉXITO,LENTEJA,1500,1000,15000,3.5%,,
21-May-13,IBAGUE,JORGE,ÉXITO,AZUCAR,1500,990,15000,2.5%,,
7-May-13,SANTA MARTA,ALEXANDRA,CANDELARIA,ARROZ,500,2960,5000,2.0%,,
14-May-13,SANTA MARTA,CATALINA,SUPERLEY,FRIJOL,500,2995,5000,3.0%,,
24-May-13,MEDELLIN,MAURICIO,CANDELARIA,MAIZ,1000,1485,10000,1.5%,,
16-May-13,BUCARAMANGA,MAURICIO,SUPERLEY,LENTEJA,2000,760,20000,3.5%,,
21-May-13,SANTA MARTA,JORGE,OPTIMO,AZUCAR,500,3030,5000,2.5%,,
18-May-13,CALI,CATALINA,ÉXITO,MAIZ,1000,1500,10000,1.5%,,
4-May-13,VALLEDUPAR,MAURICIO,ÉXITO,LENTEJA,500,3065,5000,3.5%,,
4-May-13,IBAGUE,MAURICIO,POMONA,LENTEJA,1500,1025,15000,3.5%,,
18-May-13,SANTA MARTA,CATALINA,ÉXITO,MAIZ,5000,3015,5000,1.5%,,
11-May-13,VALLEDUPAR,ALEXANDRA,POMONA,CAFÉ,500,3100,5000,4.0%,,
7-May-13,MEDELLIN,ALEXANDRA,SUPERLEY,ARROZ,1000,1520,10000,2.0%,,
1-May-13,VALLEDUPAR,JORGE,POMONA,ARROZ,5000,3050,5000,2.0%,,
8-May-13,VALLEDUPAR,MAURICIO,CANDELARIA,FRIJOL,5000,3085,5000,3.0%,,
24-May-13,IBAGUE,MAURICIO,ÉXITO,MAIZ,2000,765,20000,1.5%,,
14-May-13,MEDELLIN,CATALINA,OPTIMO,FRIJOL,1000,1555,10000,3.0%,,
15-May-13,VALLEDUPAR,ALEXANDRA,SUPERLEY,AZUCAR,5000,3120,5000,2.5%,,
22-May-13,VALLEDUPAR,CATALINA,OPTIMO,LENTEJA,5000,3155,5000,3.5%,,
11-May-13,MANIZALEZ,ALEXANDRA,CANDELARIA,CAFÉ,1500,1060,15000,4.0%,,
5-May-13,VALLEDUPAR,JORGE,ÉXITO,CAFÉ,5000,3190,5000,4.0%,,
1-May-13,CARTAGENA,JORGE,POMONA,ARROZ,1000,1570,10000,2.0%,,
23-May-13,CALI,ALEXANDRA,POMONA,CAFÉ,1500,1070,15000,4.0%,,
18-May-13,VALLEDUPAR,CATALINA,CANDELARIA,MAIZ,500,3135,5000,1.5%,,
21-May-13,MEDELLIN,JORGE,ÉXITO,AZUCAR,1000,1590,10000,2.5%,,
24-May-13,CUCUTA,MAURICIO,POMONA,MAIZ,3000,525,30000,1.5%,,
1-May-13,VALLEDUPAR,JORGE,SUPERLEY,ARROZ,500,3170,5000,2.0%,,
8-May-13,VALLEDUPAR,MAURICIO,OPTIMO,FRIJOL,500,3205,5000,3.0%,,
7-May-13,IBAGUE,ALEXANDRA,POMONA,ARROZ,2000,800,20000,2.0%,,
4-May-13,MEDELLIN,MAURICIO,POMONA,LENTEJA,1000,1625,10000,3.5%,,
15-May-13,VALLEDUPAR,ALEXANDRA,ÉXITO,AZUCAR,500,3240,5000,2.5%,,
22-May-13,VALLEDUPAR,CATALINA,POMONA,LENTEJA,500,3275,5000,3.5%,,
12-May-13,VALLEDUPAR,MAURICIO,POMONA,MAIZ,5000,3225,5000,1.5%,,
5-May-13,VALLEDUPAR,JORGE,CANDELARIA,CAFÉ,500,3310,5000,4.0%,,
8-May-13,CARTAGENA,MAURICIO,CANDELARIA,FRIJOL,1000,1640,10000,3.0%,,
11-May-13,MEDELLIN,ALEXANDRA,CANDELARIA,CAFÉ,1000,1660,10000,4.0%,,
23-May-13,BUCARAMANGA,ALEXANDRA,OPTIMO,CAFÉ,2000,830,20000,4.0%,,
19-May-13,VALLEDUPAR,ALEXANDRA,CANDELARIA,ARROZ,5000,3260,5000,2.0%,,
2-May-13,VALLEDUPAR,CATALINA,SUPERLEY,FRIJOL,5000,3295,5000,3.0%,,
18-May-13,MANIZALEZ,CATALINA,SUPERLEY,MAIZ,1500,1095,15000,1.5%,,
14-May-13,IBAGUE,CATALINA,CANDELARIA,FRIJOL,2000,835,20000,3.0%,,
9-May-13,VALLEDUPAR,JORGE,OPTIMO,AZUCAR,5000,3330,5000,2.5%,,
20-May-13,BUCARAMANGA,MAURICIO,SUPERLEY,FRIJOL,3000,560,30000,3.0%,,
7-May-13,CUCUTA,ALEXANDRA,CANDELARIA,ARROZ,3000,560,30000,2.0%,,
12-May-13,VALLEDUPAR,MAURICIO,SUPERLEY,MAIZ,500,3345,5000,1.5%,,
1-May-13,MANIZALEZ,JORGE,OPTIMO,ARROZ,1500,1130,15000,2.0%,,
18-May-13,MEDELLIN,CATALINA,SUPERLEY,MAIZ,1000,1695,10000,1.5%,,
6-May-13,CALI,CATALINA,CANDELARIA,MAIZ,1500,1140,15000,1.5%,,
8-May-13,MANIZALEZ,MAURICIO,ÉXITO,FRIJOL,1500,1165,15000,3.0%,,
1-May-13,NEIVA,JORGE,OPTIMO,ARROZ,1000,1730,10000,2.0%,,
21-May-13,IBAGUE,JORGE,SUPERLEY,AZUCAR,2000,870,20000,2.5%,,
8-May-13,NEIVA,MAURICIO,ÉXITO,FRIJOL,1000,1765,10000,3.0%,,
14-May-13,CUCUTA,CATALINA,SUPERLEY,FRIJOL,3000,595,30000,3.0%,,
4-May-13,IBAGUE,MAURICIO,OPTIMO,LENTEJA,2000,905,20000,3.5%,,
15-May-13,MANIZALEZ,ALEXANDRA,POMONA,AZUCAR,1500,1200,15000,2.5%,,
15-May-13,NEIVA,ALEXANDRA,POMONA,AZUCAR,1000,1800,10000,2.5%,,
22-May-13,NEIVA,CATALINA,CANDELARIA,LENTEJA,1000,1835,10000,3.5%,,
6-May-13,CALI,CATALINA,ÉXITO,MAIZ,2000,900,20000,1.5%,,
13-May-13,CALI,JORGE,SUPERLEY,ARROZ,1500,1210,15000,2.0%,,
22-May-13,MANIZALEZ,CATALINA,CANDELARIA,LENTEJA,1500,1235,15000,3.5%,,
5-May-13,NEIVA,JORGE,SUPERLEY,CAFÉ,1000,1870,10000,4.0%,,
11-May-13,IBAGUE,ALEXANDRA,ÉXITO,CAFÉ,2000,940,20000,4.0%,,
5-May-13,MANIZALEZ,JORGE,SUPERLEY,CAFÉ,1500,1270,15000,4.0%,,
3-May-13,BUCARAMANGA,ALEXANDRA,OPTIMO,AZUCAR,3000,630,30000,2.5%,,
21-May-13,CUCUTA,JORGE,OPTIMO,AZUCAR,3000,630,30000,2.5%,,
20-May-13,CALI,MAURICIO,OPTIMO,FRIJOL,1500,1280,15000,3.0%,,
12-May-13,NEIVA,MAURICIO,OPTIMO,MAIZ,1000,1905,10000,1.5%,,
19-May-13,NEIVA,ALEXANDRA,ÉXITO,ARROZ,1000,1940,10000,2.0%,,
13-May-13,CALI,JORGE,POMONA,ARROZ,2000,970,20000,2.0%,,
2-May-13,NEIVA,CATALINA,POMONA,FRIJOL,1000,1975,10000,3.0%,,
18-May-13,IBAGUE,CATALINA,POMONA,MAIZ,2000,975,20000,1.5%,,
4-May-13,CUCUTA,MAURICIO,ÉXITO,LENTEJA,3000,665,30000,3.5%,,
12-May-13,MANIZALEZ,MAURICIO,OPTIMO,MAIZ,1500,1305,15000,1.5%,,
9-May-13,NEIVA,JORGE,CANDELARIA,AZUCAR,1000,2010,10000,2.5%,,
19-May-13,MANIZALEZ,ALEXANDRA,ÉXITO,ARROZ,1500,1340,15000,2.0%,,
16-May-13,PASTO,MAURICIO,SUPERLEY,LENTEJA,1000,2045,10000,3.5%,,
3-May-13,CALI,ALEXANDRA,ÉXITO,AZUCAR,1500,1350,15000,2.5%,,
1-May-13,IBAGUE,JORGE,CANDELARIA,ARROZ,2000,1010,20000,2.0%,,
23-May-13,PASTO,ALEXANDRA,OPTIMO,CAFÉ,1000,2080,10000,4.0%,,
2-May-13,MEDELLIN,CATALINA,POMONA,FRIJOL,1500,1375,15000,3.0%,,
11-May-13,CUCUTA,ALEXANDRA,POMONA,CAFÉ,3000,700,30000,4.0%,,
20-May-13,CALI,MAURICIO,CANDELARIA,FRIJOL,2000,1040,20000,3.0%,,
10-May-13,BUCARAMANGA,CATALINA,ÉXITO,LENTEJA,3000,700,30000,3.5%,,
8-May-13,MANIZALEZ,MAURICIO,SUPERLEY,FRIJOL,2000,1045,20000,3.0%,,
10-May-13,CALI,CATALINA,POMONA,LENTEJA,1500,1420,15000,3.5%,,
9-May-13,MEDELLIN,JORGE,CANDELARIA,AZUCAR,1500,1410,15000,2.5%,,
6-May-13,PASTO,CATALINA,ÉXITO,MAIZ,1000,2115,10000,1.5%,,
16-May-13,MEDELLIN,MAURICIO,SUPERLEY,LENTEJA,1500,1445,15000,3.5%,,
15-May-13,MANIZALEZ,ALEXANDRA,OPTIMO,AZUCAR,2000,1080,20000,2.5%,,
13-May-13,PASTO,JORGE,POMONA,ARROZ,1000,2150,10000,2.0%,,
20-May-13,PASTO,MAURICIO,CANDELARIA,FRIJOL,1000,2185,10000,3.0%,,
23-May-13,MEDELLIN,ALEXANDRA,OPTIMO,CAFÉ,1500,1480,15000,4.0%,,
17-May-13,CALI,JORGE,CANDELARIA,CAFÉ,1500,1490,15000,4.0%,,
22-May-13,MANIZALEZ,CATALINA,ÉXITO,LENTEJA,2000,1115,20000,3.5%,,
3-May-13,CALI,ALEXANDRA,SUPERLEY,AZUCAR,2000,1110,20000,2.5%,,
3-May-13,PASTO,ALEXANDRA,SUPERLEY,AZUCAR,1000,2220,10000,2.5%,,
18-May-13,IBAGUE,CATALINA,CANDELARIA,MAIZ,3000,735,30000,1.5%,,
10-May-13,PASTO,CATALINA,OPTIMO,LENTEJA,1000,2255,10000,3.5%,,
17-May-13,PASTO,JORGE,ÉXITO,CAFÉ,1000,2290,10000,4.0%,,
5-May-13,MANIZALEZ,JORGE,POMONA,CAFÉ,2000,1150,20000,4.0%,,
17-May-13,BUCARAMANGA,JORGE,POMONA,CAFÉ,3000,770,30000,4.0%,,
6-May-13,MEDELLIN,CATALINA,ÉXITO,MAIZ,1500,1515,15000,1.5%,,
1-May-13,IBAGUE,JORGE,SUPERLEY,ARROZ,3000,770,30000,2.0%,,
10-May-13,CALI,CATALINA,OPTIMO,LENTEJA,2000,1180,20000,3.5%,,
13-May-13,MEDELLIN,JORGE,POMONA,ARROZ,1500,1550,15000,2.0%,,
24-May-13,PASTO,MAURICIO,POMONA,MAIZ,1000,2325,10000,1.5%,,
24-May-13,CARTAGENA,MAURICIO,SUPERLEY,MAIZ,1500,1560,15000,1.5%,,
20-May-13,MEDELLIN,MAURICIO,CANDELARIA,FRIJOL,1500,1585,15000,3.0%,,
7-May-13,PASTO,ALEXANDRA,CANDELARIA,ARROZ,1000,2360,10000,2.0%,,
14-May-13,PEREIRA,CATALINA,SUPERLEY,FRIJOL,1000,2395,10000,3.0%,,
12-May-13,MANIZALEZ,MAURICIO,CANDELARIA,MAIZ,2000,1185,20000,1.5%,,
8-May-13,IBAGUE,MAURICIO,OPTIMO,FRIJOL,3000,805,30000,3.0%,,
21-May-13,PEREIRA,JORGE,OPTIMO,AZUCAR,1000,2430,10000,2.5%,,
3-May-13,MEDELLIN,ALEXANDRA,SUPERLEY,AZUCAR,1500,1620,15000,2.5%,,
4-May-13,PEREIRA,MAURICIO,ÉXITO,LENTEJA,1000,2465,10000,3.5%,,
19-May-13,MANIZALEZ,ALEXANDRA,SUPERLEY,ARROZ,2000,1220,20000,2.0%,,
10-May-13,MEDELLIN,CATALINA,OPTIMO,LENTEJA,1500,1655,15000,3.5%,,
7-May-13,CARTAGENA,ALEXANDRA,OPTIMO,ARROZ,1500,1630,15000,2.0%,,
17-May-13,CALI,JORGE,ÉXITO,CAFÉ,2000,1250,20000,4.0%,,
11-May-13,PEREIRA,ALEXANDRA,POMONA,CAFÉ,1000,2500,10000,4.0%,,
17-May-13,MEDELLIN,JORGE,ÉXITO,CAFÉ,1500,1690,15000,4.0%,,
2-May-13,MANIZALEZ,CATALINA,OPTIMO,FRIJOL,2000,1255,20000,3.0%,,
15-May-13,IBAGUE,ALEXANDRA,ÉXITO,AZUCAR,3000,840,30000,2.5%,,
24-May-13,BUCARAMANGA,MAURICIO,CANDELARIA,MAIZ,3000,840,30000,1.5%,,
18-May-13,PEREIRA,CATALINA,CANDELARIA,MAIZ,1000,2535,10000,1.5%,,
9-May-13,MANIZALEZ,JORGE,ÉXITO,AZUCAR,2000,1290,20000,2.5%,,
1-May-13,PEREIRA,JORGE,SUPERLEY,ARROZ,1000,2570,10000,2.0%,,
8-May-13,PEREIRA,MAURICIO,OPTIMO,FRIJOL,1000,2605,10000,3.0%,,
22-May-13,IBAGUE,CATALINA,POMONA,LENTEJA,3000,875,30000,3.5%,,
24-May-13,NEIVA,MAURICIO,POMONA,MAIZ,1500,1725,15000,1.5%,,
16-May-13,MANIZALEZ,MAURICIO,POMONA,LENTEJA,2000,1325,20000,3.5%,,
15-May-13,PEREIRA,ALEXANDRA,ÉXITO,AZUCAR,1000,2640,10000,2.5%,,
22-May-13,PEREIRA,CATALINA,POMONA,LENTEJA,1000,2675,10000,3.5%,,
7-May-13,NEIVA,ALEXANDRA,CANDELARIA,ARROZ,1500,1760,15000,2.0%,,
24-May-13,CALI,MAURICIO,POMONA,MAIZ,2000,1320,20000,1.5%,,
5-May-13,SANTA MARTA,JORGE,CANDELARIA,CAFÉ,1000,2710,10000,4.0%,,
23-May-13,MANIZALEZ,ALEXANDRA,CANDELARIA,CAFÉ,2000,1360,20000,4.0%,,
14-May-13,NEIVA,CATALINA,SUPERLEY,FRIJOL,1500,1795,15000,3.0%,,
5-May-13,IBAGUE,JORGE,CANDELARIA,CAFÉ,3000,910,30000,4.0%,,
7-May-13,CALI,ALEXANDRA,SUPERLEY,ARROZ,3000,910,30000,2.0%,,
21-May-13,NEIVA,JORGE,OPTIMO,AZUCAR,1500,1830,15000,2.5%,,
4-May-13,NEIVA,MAURICIO,ÉXITO,LENTEJA,1500,1865,15000,3.5%,,
12-May-13,SANTA MARTA,MAURICIO,SUPERLEY,MAIZ,1000,2745,10000,1.5%,,
7-May-13,CALI,ALEXANDRA,CANDELARIA,ARROZ,2000,1390,20000,2.0%,,
19-May-13,SANTA MARTA,ALEXANDRA,OPTIMO,ARROZ,1000,2780,10000,2.0%,,
2-May-13,SANTA MARTA,CATALINA,ÉXITO,FRIJOL,1000,2815,10000,3.0%,,
11-May-13,NEIVA,ALEXANDRA,POMONA,CAFÉ,1500,1900,15000,4.0%,,
6-May-13,MEDELLIN,CATALINA,SUPERLEY,MAIZ,2000,1395,20000,1.5%,,
9-May-13,SANTA MARTA,JORGE,POMONA,AZUCAR,1000,2850,10000,2.5%,,
16-May-13,SANTA MARTA,MAURICIO,CANDELARIA,LENTEJA,1000,2885,10000,3.5%,,
12-May-13,IBAGUE,MAURICIO,SUPERLEY,MAIZ,3000,945,30000,1.5%,,
13-May-13,MEDELLIN,JORGE,OPTIMO,ARROZ,2000,1430,20000,2.0%,,
23-May-13,SANTA MARTA,ALEXANDRA,SUPERLEY,CAFÉ,1000,2920,10000,4.0%,,
14-May-13,CALI,CATALINA,SUPERLEY,FRIJOL,2000,1460,20000,3.0%,,
20-May-13,MEDELLIN,MAURICIO,ÉXITO,FRIJOL,2000,1465,20000,3.0%,,
14-May-13,CALI,CATALINA,OPTIMO,FRIJOL,3000,980,30000,3.0%,,
18-May-13,NEIVA,CATALINA,CANDELARIA,MAIZ,1500,1935,15000,1.5%,,
19-May-13,IBAGUE,ALEXANDRA,OPTIMO,ARROZ,3000,980,30000,2.0%,,
1-May-13,NEIVA,JORGE,SUPERLEY,ARROZ,1500,1970,15000,2.0%,,
6-May-13,SANTA MARTA,CATALINA,OPTIMO,MAIZ,1000,2955,10000,1.5%,,
8-May-13,NEIVA,MAURICIO,OPTIMO,FRIJOL,1500,2005,15000,3.0%,,
3-May-13,MEDELLIN,ALEXANDRA,POMONA,AZUCAR,2000,1500,20000,2.5%,,
13-May-13,SANTA MARTA,JORGE,ÉXITO,ARROZ,1000,2990,10000,2.0%,,
20-May-13,SANTA MARTA,MAURICIO,POMONA,FRIJOL,1000,3025,10000,3.0%,,
2-May-13,IBAGUE,CATALINA,ÉXITO,FRIJOL,3000,1015,30000,3.0%,,
10-May-13,MEDELLIN,CATALINA,CANDELARIA,LENTEJA,2000,1535,20000,3.5%,,
3-May-13,VALLEDUPAR,ALEXANDRA,CANDELARIA,AZUCAR,1000,3060,10000,2.5%,,
15-May-13,PASTO,ALEXANDRA,ÉXITO,AZUCAR,1500,2040,15000,2.5%,,
21-May-13,CALI,JORGE,OPTIMO,AZUCAR,2000,1530,20000,2.5%,,
10-May-13,VALLEDUPAR,CATALINA,SUPERLEY,LENTEJA,1000,3095,10000,3.5%,,
22-May-13,PASTO,CATALINA,POMONA,LENTEJA,1500,2075,15000,3.5%,,
17-May-13,VALLEDUPAR,JORGE,OPTIMO,CAFÉ,1000,3130,10000,4.0%,,
17-May-13,MEDELLIN,JORGE,SUPERLEY,CAFÉ,2000,1570,20000,4.0%,,
5-May-13,PASTO,JORGE,CANDELARIA,CAFÉ,1500,2110,15000,4.0%,,
21-May-13,CALI,JORGE,ÉXITO,AZUCAR,3000,1050,30000,2.5%,,
9-May-13,MANIZALEZ,JORGE,POMONA,AZUCAR,3000,1050,30000,2.5%,,
4-May-13,CARTAGENA,MAURICIO,ÉXITO,LENTEJA,2000,1600,20000,3.5%,,
24-May-13,VALLEDUPAR,MAURICIO,ÉXITO,MAIZ,1000,3165,10000,1.5%,,
7-May-13,VALLEDUPAR,ALEXANDRA,POMONA,ARROZ,1000,3200,10000,2.0%,,
14-May-13,VALLEDUPAR,CATALINA,CANDELARIA,FRIJOL,1000,3235,10000,3.0%,,
16-May-13,MANIZALEZ,MAURICIO,CANDELARIA,LENTEJA,3000,1085,30000,3.5%,,
24-May-13,MEDELLIN,MAURICIO,OPTIMO,MAIZ,2000,1605,20000,1.5%,,
12-May-13,PASTO,MAURICIO,SUPERLEY,MAIZ,1500,2145,15000,1.5%,,
21-May-13,VALLEDUPAR,JORGE,SUPERLEY,AZUCAR,1000,3270,10000,2.5%,,
4-May-13,VALLEDUPAR,MAURICIO,OPTIMO,LENTEJA,1000,3305,10000,3.5%,,
19-May-13,PASTO,ALEXANDRA,OPTIMO,ARROZ,1500,2180,15000,2.0%,,
11-May-13,VALLEDUPAR,ALEXANDRA,ÉXITO,CAFÉ,1000,3340,10000,4.0%,,
7-May-13,MEDELLIN,ALEXANDRA,ÉXITO,ARROZ,2000,1640,20000,2.0%,,
2-May-13,PASTO,CATALINA,ÉXITO,FRIJOL,1500,2215,15000,3.0%,,
23-May-13,MANIZALEZ,ALEXANDRA,SUPERLEY,CAFÉ,3000,1120,30000,4.0%,,
4-May-13,CALI,MAURICIO,POMONA,LENTEJA,3000,1120,30000,3.5%,,
14-May-13,MEDELLIN,CATALINA,POMONA,FRIJOL,2000,1675,20000,3.0%,,
9-May-13,PASTO,JORGE,POMONA,AZUCAR,1500,2250,15000,2.5%,,
16-May-13,PASTO,MAURICIO,CANDELARIA,LENTEJA,1500,2285,15000,3.5%,,
21-May-13,NEIVA,JORGE,CANDELARIA,AZUCAR,2000,1710,20000,2.5%,,
23-May-13,PASTO,ALEXANDRA,SUPERLEY,CAFÉ,1500,2320,15000,4.0%,,
4-May-13,NEIVA,MAURICIO,SUPERLEY,LENTEJA,2000,1745,20000,3.5%,,
6-May-13,MANIZALEZ,CATALINA,OPTIMO,MAIZ,3000,1155,30000,1.5%,,
11-May-13,NEIVA,ALEXANDRA,OPTIMO,CAFÉ,2000,1780,20000,4.0%,,
11-May-13,CALI,ALEXANDRA,CANDELARIA,CAFÉ,3000,1190,30000,4.0%,,
6-May-13,PASTO,CATALINA,OPTIMO,MAIZ,1500,2355,15000,1.5%,,
13-May-13,MANIZALEZ,JORGE,ÉXITO,ARROZ,3000,1190,30000,2.0%,,
13-May-13,PEREIRA,JORGE,ÉXITO,ARROZ,1500,2390,15000,2.0%,,
20-May-13,PEREIRA,MAURICIO,POMONA,FRIJOL,1500,2425,15000,3.0%,,
20-May-13,MANIZALEZ,MAURICIO,POMONA,FRIJOL,3000,1225,30000,3.0%,,
18-May-13,NEIVA,CATALINA,ÉXITO,MAIZ,2000,1815,20000,1.5%,,
3-May-13,PEREIRA,ALEXANDRA,CANDELARIA,AZUCAR,1500,2460,15000,2.5%,,
10-May-13,PEREIRA,CATALINA,SUPERLEY,LENTEJA,1500,2495,15000,3.5%,,
1-May-13,NEIVA,JORGE,POMONA,ARROZ,2000,1850,20000,2.0%,,
17-May-13,PEREIRA,JORGE,OPTIMO,CAFÉ,1500,2530,15000,4.0%,,
8-May-13,NEIVA,MAURICIO,CANDELARIA,FRIJOL,2000,1885,20000,3.0%,,
3-May-13,MANIZALEZ,ALEXANDRA,CANDELARIA,AZUCAR,3000,1260,30000,2.5%,,
18-May-13,CALI,CATALINA,SUPERLEY,MAIZ,3000,1260,30000,1.5%,,
15-May-13,NEIVA,ALEXANDRA,SUPERLEY,AZUCAR,2000,1920,20000,2.5%,,
10-May-13,MANIZALEZ,CATALINA,SUPERLEY,LENTEJA,3000,1295,30000,3.5%,,
22-May-13,NEIVA,CATALINA,OPTIMO,LENTEJA,2000,1955,20000,3.5%,,
24-May-13,PEREIRA,MAURICIO,ÉXITO,MAIZ,1500,2565,15000,1.5%,,
5-May-13,NEIVA,JORGE,ÉXITO,CAFÉ,2000,1990,20000,4.0%,,
7-May-13,PEREIRA,ALEXANDRA,POMONA,ARROZ,1500,2600,15000,2.0%,,
17-May-13,MANIZALEZ,JORGE,OPTIMO,CAFÉ,3000,1330,30000,4.0%,,
14-May-13,PEREIRA,CATALINA,CANDELARIA,FRIJOL,1500,2635,15000,3.0%,,
21-May-13,PEREIRA,JORGE,SUPERLEY,AZUCAR,1500,2670,15000,2.5%,,
1-May-13,CALI,JORGE,OPTIMO,ARROZ,3000,1330,30000,2.0%,,
4-May-13,SANTA MARTA,MAURICIO,OPTIMO,LENTEJA,1500,2705,15000,3.5%,,
11-May-13,SANTA MARTA,ALEXANDRA,ÉXITO,CAFÉ,1500,2740,15000,4.0%,,
12-May-13,NEIVA,MAURICIO,POMONA,MAIZ,2000,2025,20000,1.5%,,
24-May-13,MANIZALEZ,MAURICIO,ÉXITO,MAIZ,3000,1365,30000,1.5%,,
19-May-13,PASTO,ALEXANDRA,CANDELARIA,ARROZ,2000,2060,20000,2.0%,,
2-May-13,PASTO,CATALINA,SUPERLEY,FRIJOL,2000,2095,20000,3.0%,,
8-May-13,CALI,MAURICIO,ÉXITO,FRIJOL,3000,1400,30000,3.0%,,
18-May-13,SANTA MARTA,CATALINA,POMONA,MAIZ,1500,2775,15000,1.5%,,
7-May-13,MEDELLIN,ALEXANDRA,POMONA,ARROZ,3000,1400,30000,2.0%,,
1-May-13,SANTA MARTA,JORGE,CANDELARIA,ARROZ,1500,2810,15000,2.0%,,
8-May-13,SANTA MARTA,MAURICIO,SUPERLEY,FRIJOL,1500,2845,15000,3.0%,,
9-May-13,PASTO,JORGE,OPTIMO,AZUCAR,2000,2130,20000,2.5%,,
14-May-13,MEDELLIN,CATALINA,CANDELARIA,FRIJOL,3000,1435,30000,3.0%,,
16-May-13,PASTO,MAURICIO,ÉXITO,LENTEJA,2000,2165,20000,3.5%,,
15-May-13,SANTA MARTA,ALEXANDRA,OPTIMO,AZUCAR,1500,2880,15000,2.5%,,
22-May-13,SANTA MARTA,CATALINA,ÉXITO,LENTEJA,1500,2915,15000,3.5%,,
23-May-13,PASTO,ALEXANDRA,POMONA,CAFÉ,2000,2200,20000,4.0%,,
5-May-13,SANTA MARTA,JORGE,POMONA,CAFÉ,1500,2950,15000,4.0%,,
15-May-13,CALI,ALEXANDRA,POMONA,AZUCAR,3000,1470,30000,2.5%,,
21-May-13,MEDELLIN,JORGE,SUPERLEY,AZUCAR,3000,1470,30000,2.5%,,
4-May-13,MEDELLIN,MAURICIO,OPTIMO,LENTEJA,3000,1505,30000,3.5%,,
6-May-13,PASTO,CATALINA,CANDELARIA,MAIZ,2000,2235,20000,1.5%,,
12-May-13,SANTA MARTA,MAURICIO,CANDELARIA,MAIZ,1500,2985,15000,1.5%,,
11-May-13,MEDELLIN,ALEXANDRA,ÉXITO,CAFÉ,3000,1540,30000,4.0%,,
19-May-13,SANTA MARTA,ALEXANDRA,SUPERLEY,ARROZ,1500,3020,15000,2.0%,,
2-May-13,VALLEDUPAR,CATALINA,OPTIMO,FRIJOL,1500,3055,15000,3.0%,,
13-May-13,PASTO,JORGE,SUPERLEY,ARROZ,2000,2270,20000,2.0%,,
22-May-13,CALI,CATALINA,CANDELARIA,LENTEJA,3000,1540,30000,3.5%,,
20-May-13,PASTO,MAURICIO,OPTIMO,FRIJOL,2000,2305,20000,3.0%,,
9-May-13,VALLEDUPAR,JORGE,ÉXITO,AZUCAR,1500,3090,15000,2.5%,,
16-May-13,VALLEDUPAR,MAURICIO,POMONA,LENTEJA,1500,3125,15000,3.5%,,
23-May-13,VALLEDUPAR,ALEXANDRA,CANDELARIA,CAFÉ,1500,3160,15000,4.0%,,
3-May-13,PASTO,ALEXANDRA,ÉXITO,AZUCAR,2000,2340,20000,2.5%,,
10-May-13,PEREIRA,CATALINA,POMONA,LENTEJA,2000,2375,20000,3.5%,,
17-May-13,PEREIRA,JORGE,CANDELARIA,CAFÉ,2000,2410,20000,4.0%,,
5-May-13,CARTAGENA,JORGE,SUPERLEY,CAFÉ,3000,1610,30000,4.0%,,
18-May-13,MEDELLIN,CATALINA,POMONA,MAIZ,3000,1575,30000,1.5%,,
6-May-13,VALLEDUPAR,CATALINA,SUPERLEY,MAIZ,1500,3195,15000,1.5%,,
1-May-13,MEDELLIN,JORGE,CANDELARIA,ARROZ,3000,1610,30000,2.0%,,
13-May-13,VALLEDUPAR,JORGE,OPTIMO,ARROZ,1500,3230,15000,2.0%,,
20-May-13,VALLEDUPAR,MAURICIO,ÉXITO,FRIJOL,1500,3265,15000,3.0%,,
8-May-13,MEDELLIN,MAURICIO,SUPERLEY,FRIJOL,3000,1645,30000,3.0%,,
24-May-13,PEREIRA,MAURICIO,SUPERLEY,MAIZ,2000,2445,20000,1.5%,,
3-May-13,VALLEDUPAR,ALEXANDRA,POMONA,AZUCAR,1500,3300,15000,2.5%,,
10-May-13,VALLEDUPAR,CATALINA,CANDELARIA,LENTEJA,1500,3335,15000,3.5%,,
7-May-13,PEREIRA,ALEXANDRA,OPTIMO,ARROZ,2000,2480,20000,2.0%,,
14-May-13,PEREIRA,CATALINA,ÉXITO,FRIJOL,2000,2515,20000,3.0%,,
15-May-13,MEDELLIN,ALEXANDRA,OPTIMO,AZUCAR,3000,1680,30000,2.5%,,
22-May-13,NEIVA,CATALINA,ÉXITO,LENTEJA,3000,1715,30000,3.5%,,
21-May-13,PEREIRA,JORGE,POMONA,AZUCAR,2000,2550,20000,2.5%,,
4-May-13,PEREIRA,MAURICIO,CANDELARIA,LENTEJA,2000,2585,20000,3.5%,,
11-May-13,PEREIRA,ALEXANDRA,SUPERLEY,CAFÉ,2000,2620,20000,4.0%,,
5-May-13,NEIVA,JORGE,POMONA,CAFÉ,3000,1750,30000,4.0%,,
18-May-13,PEREIRA,CATALINA,OPTIMO,MAIZ,2000,2655,20000,1.5%,,
1-May-13,PEREIRA,JORGE,ÉXITO,ARROZ,2000,2690,20000,2.0%,,
12-May-13,NEIVA,MAURICIO,CANDELARIA,MAIZ,3000,1785,30000,1.5%,,
8-May-13,SANTA MARTA,MAURICIO,POMONA,FRIJOL,2000,2725,20000,3.0%,,
19-May-13,NEIVA,ALEXANDRA,SUPERLEY,ARROZ,3000,1820,30000,2.0%,,
15-May-13,SANTA MARTA,ALEXANDRA,CANDELARIA,AZUCAR,2000,2760,20000,2.5%,,
22-May-13,SANTA MARTA,CATALINA,SUPERLEY,LENTEJA,2000,2795,20000,3.5%,,
2-May-13,NEIVA,CATALINA,OPTIMO,FRIJOL,3000,1855,30000,3.0%,,
5-May-13,SANTA MARTA,JORGE,OPTIMO,CAFÉ,2000,2830,20000,4.0%,,
9-May-13,NEIVA,JORGE,ÉXITO,AZUCAR,3000,1890,30000,2.5%,,
16-May-13,NEIVA,MAURICIO,POMONA,LENTEJA,3000,1925,30000,3.5%,,
12-May-13,SANTA MARTA,MAURICIO,ÉXITO,MAIZ,2000,2865,20000,1.5%,,
23-May-13,NEIVA,ALEXANDRA,CANDELARIA,CAFÉ,3000,1960,30000,4.0%,,
19-May-13,SANTA MARTA,ALEXANDRA,POMONA,ARROZ,2000,2900,20000,2.0%,,
2-May-13,SANTA MARTA,CATALINA,CANDELARIA,FRIJOL,2000,2935,20000,3.0%,,
9-May-13,SANTA MARTA,JORGE,SUPERLEY,AZUCAR,2000,2970,20000,2.5%,,
16-May-13,SANTA MARTA,MAURICIO,OPTIMO,LENTEJA,2000,3005,20000,3.5%,,
23-May-13,VALLEDUPAR,ALEXANDRA,ÉXITO,CAFÉ,2000,3040,20000,4.0%,,
6-May-13,NEIVA,CATALINA,SUPERLEY,MAIZ,3000,1995,30000,1.5%,,
13-May-13,NEIVA,JORGE,OPTIMO,ARROZ,3000,2030,30000,2.0%,,
20-May-13,PASTO,MAURICIO,ÉXITO,FRIJOL,3000,2065,30000,3.0%,,
6-May-13,VALLEDUPAR,CATALINA,POMONA,MAIZ,2000,3075,20000,1.5%,,
13-May-13,VALLEDUPAR,JORGE,CANDELARIA,ARROZ,2000,3110,20000,2.0%,,
20-May-13,VALLEDUPAR,MAURICIO,SUPERLEY,FRIJOL,2000,3145,20000,3.0%,,
3-May-13,PASTO,ALEXANDRA,POMONA,AZUCAR,3000,2100,30000,2.5%,,
10-May-13,PASTO,CATALINA,CANDELARIA,LENTEJA,3000,2135,30000,3.5%,,
3-May-13,VALLEDUPAR,ALEXANDRA,OPTIMO,AZUCAR,2000,3180,20000,2.5%,,
10-May-13,VALLEDUPAR,CATALINA,ÉXITO,LENTEJA,2000,3215,20000,3.5%,,
17-May-13,VALLEDUPAR,JORGE,POMONA,CAFÉ,2000,3250,20000,4.0%,,
17-May-13,PASTO,JORGE,SUPERLEY,CAFÉ,3000,2170,30000,4.0%,,
24-May-13,VALLEDUPAR,MAURICIO,CANDELARIA,MAIZ,2000,3285,20000,1.5%,,
7-May-13,VALLEDUPAR,ALEXANDRA,SUPERLEY,ARROZ,2000,3320,20000,2.0%,,
14-May-13,VALLEDUPAR,CATALINA,OPTIMO,FRIJOL,2000,3355,20000,3.0%,,
24-May-13,PASTO,MAURICIO,OPTIMO,MAIZ,3000,2205,30000,1.5%,,
7-May-13,PASTO,ALEXANDRA,ÉXITO,ARROZ,3000,2240,30000,2.0%,,
14-May-13,PASTO,CATALINA,POMONA,FRIJOL,3000,2275,30000,3.0%,,
21-May-13,PASTO,JORGE,CANDELARIA,AZUCAR,3000,2310,30000,2.5%,,
4-May-13,PASTO,MAURICIO,SUPERLEY,LENTEJA,3000,2345,30000,3.5%,,
11-May-13,PEREIRA,ALEXANDRA,OPTIMO,CAFÉ,3000,2380,30000,4.0%,,
18-May-13,PEREIRA,CATALINA,ÉXITO,MAIZ,3000,2415,30000,1.5%,,
1-May-13,PEREIRA,JORGE,POMONA,ARROZ,3000,2450,30000,2.0%,,
8-May-13,PEREIRA,MAURICIO,CANDELARIA,FRIJOL,3000,2485,30000,3.0%,,
15-May-13,PEREIRA,ALEXANDRA,SUPERLEY,AZUCAR,3000,2520,30000,2.5%,,
22-May-13,PEREIRA,CATALINA,OPTIMO,LENTEJA,3000,2555,30000,3.5%,,
5-May-13,PEREIRA,JORGE,ÉXITO,CAFÉ,3000,2590,30000,4.0%,,
12-May-13,PEREIRA,MAURICIO,POMONA,MAIZ,3000,2625,30000,1.5%,,
19-May-13,PEREIRA,ALEXANDRA,CANDELARIA,ARROZ,3000,2660,30000,2.0%,,
2-May-13,PEREIRA,CATALINA,SUPERLEY,FRIJOL,3000,2695,30000,3.0%,,
9-May-13,SANTA MARTA,JORGE,OPTIMO,AZUCAR,3000,2730,30000,2.5%,,
16-May-13,SANTA MARTA,MAURICIO,ÉXITO,LENTEJA,3000,2765,30000,3.5%,,
23-May-13,SANTA MARTA,ALEXANDRA,POMONA,CAFÉ,3000,2800,30000,4.0%,,
6-May-13,SANTA MARTA,CATALINA,CANDELARIA,MAIZ,3000,2835,30000,1.5%,,
13-May-13,SANTA MARTA,JORGE,SUPERLEY,ARROZ,3000,2870,30000,2.0%,,
20-May-13,SANTA MARTA,MAURICIO,OPTIMO,FRIJOL,3000,2905,30000,3.0%,,
3-May-13,SANTA MARTA,ALEXANDRA,ÉXITO,AZUCAR,3000,2940,30000,2.5%,,
10-May-13,SANTA MARTA,CATALINA,POMONA,LENTEJA,3000,2975,30000,3.5%,,
17-May-13,SANTA MARTA,JORGE,CANDELARIA,CAFÉ,3000,3010,30000,4.0%,,
24-May-13,VALLEDUPAR,MAURICIO,SUPERLEY,MAIZ,3000,3045,30000,1.5%,,
7-May-13,VALLEDUPAR,ALEXANDRA,OPTIMO,ARROZ,3000,3080,30000,2.0%,,
14-May-13,VALLEDUPAR,CATALINA,ÉXITO,FRIJOL,3000,3115,30000,3.0%,,
21-May-13,VALLEDUPAR,JORGE,POMONA,AZUCAR,3000,3150,30000,2.5%,,
4-May-13,VALLEDUPAR,MAURICIO,CANDELARIA,LENTEJA,3000,3185,30000,3.5%,,
11-May-13,VALLEDUPAR,ALEXANDRA,SUPERLEY,CAFÉ,3000,3220,30000,4.0%,,
18-May-13,VALLEDUPAR,CATALINA,OPTIMO,MAIZ,3000,3255,30000,1.5%,,
1-May-13,VALLEDUPAR,JORGE,ÉXITO,ARROZ,3000,3290,30000,2.0%,,
8-May-13,VALLEDUPAR,MAURICIO,POMONA,FRIJOL,3000,3325,30000,3.0%,,
15-May-13,VALLEDUPAR,ALEXANDRA,CANDELARIA,AZUCAR,3000,3360,30000,2.5%,,